CASE_ID,ACCIDENT_YEAR,PROC_DATE,JURIS,COLLISION_DATE,COLLISION_TIME,OFFICER_ID,REPORTING_DISTRICT,DAY_OF_WEEK,CHP_SHIFT,POPULATION,CNTY_CITY_LOC,SPECIAL_COND,BEAT_TYPE,CHP_BEAT_TYPE,CITY_DIVISION_LAPD,CHP_BEAT_CLASS,BEAT_NUMBER,PRIMARY_RD,SECONDARY_RD,DISTANCE,DIRECTION,INTERSECTION,WEATHER_1,WEATHER_2,STATE_HWY_IND,CALTRANS_COUNTY,CALTRANS_DISTRICT,STATE_ROUTE,ROUTE_SUFFIX,POSTMILE_PREFIX,POSTMILE,LOCATION_TYPE,RAMP_INTERSECTION,SIDE_OF_HWY,TOW_AWAY,COLLISION_SEVERITY,NUMBER_KILLED,NUMBER_INJURED,PARTY_COUNT,PRIMARY_COLL_FACTOR,PCF_CODE_OF_VIOL,PCF_VIOL_CATEGORY,PCF_VIOLATION,PCF_VIOL_SUBSECTION,HIT_AND_RUN,TYPE_OF_COLLISION,MVIW,PED_ACTION,ROAD_SURFACE,ROAD_COND_1,ROAD_COND_2,LIGHTING,CONTROL_DEVICE,CHP_ROAD_TYPE,PEDESTRIAN_ACCIDENT,BICYCLE_ACCIDENT,MOTORCYCLE_ACCIDENT,TRUCK_ACCIDENT,NOT_PRIVATE_PROPERTY,ALCOHOL_INVOLVED,STWD_VEHTYPE_AT_FAULT,CHP_VEHTYPE_AT_FAULT,COUNT_SEVERE_INJ,COUNT_VISIBLE_INJ,COUNT_COMPLAINT_PAIN,COUNT_PED_KILLED,COUNT_PED_INJURED,COUNT_BICYCLIST_KILLED,COUNT_BICYCLIST_INJURED,COUNT_MC_KILLED,COUNT_MC_INJURED,PRIMARY_RAMP,SECONDARY_RAMP,LATITUDE,LONGITUDE,COUNTY,CITY,POINT_X,POINT_Y
91069560,2019,2019-09-06,9285,2019-08-30,2115,016343,,5,2,9,5100,0,3,5,,1,007,"1190 PENNINGTON RD","SHELDON AVE",3696.00,E,N,A,-,N,,,,,,,,,,Y,2,0,2,1,A,-,12,22450,A,N,E,I,A,A,H,-,C,D,0,,,,,Y,Y,A,01,1,0,1,0,0,0,0,0,0,"- ","- ",39.276111602783203,-121.63139343261719,SUTTER,UNINCORPORATED,-121.63255310058594,39.276050567626953
91964286,2022,2023-01-10,9285,2022-12-28,1500,016343,,3,2,9,5100,0,1,3,,1,010,SR-70,"KEMPTON ROAD",0.00,,Y,A,-,Y,SUT,,70,,,7.019,H,,R,N,2,0,2,3,A,-,09,21801,A,N,D,C,A,A,H,-,A,A,0,,,,,Y,,A,07,1,1,0,0,0,0,0,0,0,"- ","- ",38.953731536865234,-121.54357147216797,SUTTER,UNINCORPORATED,-121.54358673095703,38.953731536865234
94691510,2025,2025-05-19,9285,2025-05-10,1130,021567,,6,1,9,5100,0,1,3,,1,011,SR-99,"W CATLETT RD",0.00,,Y,A,-,Y,SUT,,99," "," ",7.078,H,,R,Y,2,0,3,2,A,-,09,21802,A,N,D,C,A,A,H,-,A,A,0,,,,,Y,Y,D,22,1,2,0,0,0,0,0,0,0,"- ","- ",38.837581634521484,-121.54386138916016,SUTTER,UNINCORPORATED,-121.54355621337891,38.837577819824219
8507126,2017,2018-05-08,5102,2017-09-27,0625,4073,1,3,5,4,5102,0,0,0,,0,001,"NORTH WALTON AV","ALFRED WY",1.00,N,N,A,-,N,,,,,,,,,,N,1,1,0,2,A,-,11,21954,A,N,G,B,D,A,H,-,C,D,0,Y,,,,Y,,N,60,0,0,0,1,0,0,0,0,0,"- ","- ",,,SUTTER,"YUBA CITY",-121.64388997,39.131452750000001
9191790,2020,2021-02-01,5102,2020-11-04,1225,4077,2,3,5,4,5102,0,0,0,,0,002,"W ONSTOTT FRONTAGE RD","BRIDGE ST",5.00,S,N,A,-,N,,,,,,,,,,N,2,0,1,2,A,-,10,21950,A,N,G,B,B,A,H,-,A,D,0,Y,,,,Y,,A,07,1,0,0,0,1,0,0,0,0,"- ","- ",,,SUTTER,"YUBA CITY",-121.63549041748047,39.132377624511719
91328307,2020,2020-10-21,9285,2020-10-11,2155,020454,,7,2,9,5100,0,3,5,,1,007,SR-99,"PASEO AVE",50.00,S,N,A,-,N,,,99,,,,,,,Y,2,0,1,2,A,-,03,22350,,N,C,C,A,A,H,-,D,A,0,,,,Y,Y,,A,01,1,0,0,0,0,0,0,0,0,"- ","- ",39.250099182128906,-121.65232086181641,SUTTER,UNINCORPORATED,-121.65227508544922,39.250114440917969
90004899,2015,2015-10-19,9285,2015-07-09,1200,15048,,4,1,9,5100,0,2,4,,1,052,"GEORGE WASHINGTON BLVD.","REED ROAD",1056.00,S,N,B,-,N,,,,,,,,,,Y,2,0,5,2,A,-,08,22107,,N,D,C,A,A,H,-,A,D,0,,,,,Y,,A,01,1,4,0,0,0,0,0,0,0,"- ","- ",39.080080000000002,-121.672,SUTTER,UNINCORPORATED,-121.67203598,39.08060004
6291968,2014,2015-12-28,9285,2014-02-18,1605,16343,,2,2,9,5100,0,1,3,,1,051,"RT 99","OBANION RD",0.00,,Y,A,-,Y,SUT,3,99,-,-,22.600,I,5,S,Y,1,1,3,2,A,-,01,23152,A,N,D,C,A,A,H,-,A,A,0,,,,,Y,Y,A,07,0,1,2,0,0,0,0,0,0,"- ","- ",39.025379999999998,-121.6348,SUTTER,UNINCORPORATED,-121.63472225,39.025381109999998
8335927,2017,2018-01-20,5102,2017-03-31,1437,4061,4,5,5,4,5102,0,0,0,,0,004,"COLUSA AV","ALMOND ST",40.00,W,N,A,G,Y,SUT,3,20,-,-,16.450,I,5,W,Y,2,0,1,2,A,-,10,21952,,N,G,B,F,A,H,-,A,D,0,Y,,,,Y,,A,07,1,0,0,0,1,0,0,0,0,"- ","- ",,,SUTTER,"YUBA CITY",-121.61872765,39.140739510000003
8555374,2018,2018-02-16,5102,2018-01-17,1800,4100,1,3,5,4,5102,0,0,0,,0,001,"WALTON AV","LASSEN BL",0.00,,Y,A,-,N,,,,,,,,,,N,2,0,4,2,A,-,09,21801,A,N,A,C,A,A,H,-,B,A,0,,,,,Y,,A,01,1,0,3,0,0,0,0,0,0,"- ","- ",,,SUTTER,"YUBA CITY",-121.64391326904297,39.137969970703125
9320113,2021,2021-12-07,5102,2021-06-30,2206,4077,5,3,5,4,5102,0,0,0,,0,005,"GARDEN HWY","PERCY AV",0.00,,Y,A,-,N,,,,,,,,,,Y,1,1,1,2,A,-,11,21456,B,N,G,B,D,A,H,-,C,A,0,Y,,,,Y,,N,60,0,0,1,1,0,0,0,0,0,"- ","- ",,,SUTTER,"YUBA CITY",-121.61268615722656,39.122100830078125
9395870,2021,2022-02-09,5102,2021-12-11,1950,4109,4,6,5,4,5102,0,0,0,,0,004,"GRAY AV","SPIVA AV",50.00,N,N,A,-,N,,,,,,,,,,Y,2,0,1,1,A,-,07,21658,A,N,F,I,A,A,H,-,C,D,0,,,,,Y,,A,01,1,0,0,0,0,0,0,0,0,"- ","- ",,,SUTTER,"YUBA CITY",-121.63004302978516,39.135498046875
9788696,2025,2025-05-12,5102,2025-03-26,1345,4129,4,3,5,4,5102,0,0,0,,0,004,"BRIDGE ST","REEVES AV",60.00,W,N,A,-,N,,,,,,,,,,N,2,0,1,2,A,-,11,21954,A,N,G,B,D,A,H,-,A,D,0,Y,,,,Y,,N,60,1,0,0,0,1,0,0,0,0,"- ","- ",,,SUTTER,"YUBA CITY",-121.6162109375,39.135063171386719
9149400,2020,2020-10-20,5102,2020-08-07,1814,4104,5,5,5,4,5102,0,0,0,,0,005,"PHILLIPS RD","COTTON ROSSER WY",0.00,,Y,A,-,N,,,,,,,,,,Y,2,0,2,2,A,-,09,21802,A,N,D,C,A,A,H,-,A,D,0,,,,,Y,,A,01,1,0,1,0,0,0,0,0,0,"- ","- ",,,SUTTER,"YUBA CITY",-121.63214111328125,39.11090087890625
90751612,2018,2018-06-20,9285,2018-06-10,0120,018561,,7,3,9,5100,0,3,5,,1,005,"S. PALORA AVE","MARCIA AVE",315.00,N,N,A,-,N,,,,,,,,,,Y,2,0,1,4,A,-,01,23152,A,N,E,I,A,A,H,-,C,D,0,,,,,Y,Y,A,01,1,0,0,0,0,0,0,0,0,"- ","- ",39.125911712646484,-121.63395690917969,SUTTER,UNINCORPORATED,-121.63381195068359,39.125766754150391
90979042,2019,2019-04-30,9285,2019-04-19,1250,014878,,5,1,9,5100,0,3,5,,1,007,"HUMPHREY RD","S. BUTTE RD.",370.00,N,N,A,-,N,,,,,,,,,,Y,2,0,2,2,A,-,05,21460,A,N,A,C,A,A,G,-,A,D,0,,,,Y,Y,,M,46,1,1,0,0,0,0,0,0,0,"- ","- ",39.153789520263672,-121.72602081298828,SUTTER,UNINCORPORATED,-121.72598266601562,39.153915405273438
91106814,2019,2019-10-25,9285,2019-10-10,1422,017118,,4,2,9,5100,0,1,3,,1,072,"SR-20 W/B","N TOWNSHIP ROAD",1290.00,W,N,A,-,Y,,,,,,,,,,Y,2,0,3,3,A,-,09,21801,A,N,D,C,A,A,H,-,A,A,0,,,,Y,Y,,A,01,1,2,0,0,0,0,0,0,0,"- ","- ",39.082969665527344,-121.4136962890625,SUTTER,UNINCORPORATED,-121.69342041015625,39.141544342041016
92237758,2023,2023-11-16,9285,2023-10-03,1855,020070,,2,2,9,5100,0,3,5,,1,001,"WEST RIEGO ROAD","PACIFIC AVENUE",1409.00,W,N,A,-,N,,,,,,,,,,Y,1,1,0,2,A,-,08,22107,,N,A,C,A,A,H,-,B,D,0,,,,Y,Y,,G,25,0,0,0,0,0,0,0,0,0,"- ","- ",38.750560760498047,-121.53031158447266,SUTTER,UNINCORPORATED,-121.53012847900391,38.750556945800781
9208150,2020,2021-01-28,5102,2020-09-28,1924,4077,4,1,5,4,5102,0,0,0,,0,004,"GRAY AV","KIMBALL AV",5.00,S,N,A,-,N,,,,,,,,,,Y,2,0,1,2,A,-,11,21954,A,N,G,B,D,A,H,-,C,D,0,Y,,,,Y,Y,N,60,1,0,0,0,1,0,0,0,0,"- ","- ",,,SUTTER,"YUBA CITY",-121.62999725341797,39.134357452392578
9236336,2021,2021-03-27,5102,2021-02-04,1423,4073,3,4,5,4,5102,0,0,0,,0,003,"LIVE OAK BL","NORTHGATE DR",480.00,N,N,A,-,N,,,,,,,,,,Y,2,0,1,1,A,-,08,22107,,N,E,I,A,A,H,-,A,D,0,,,,,Y,,A,07,1,0,0,0,0,0,0,0,0,"- ","- ",,,SUTTER,"YUBA CITY",-121.62281799316406,39.160617828369141
91344440,2020,2020-11-12,9285,2020-11-02,0900,015976,,1,1,9,5100,0,1,3,,1,071,SR-99,"NEVADA ST",1500.00,N,N,A,-,Y,,,99,,,,,,,Y,2,0,1,1,A,-,01,23152,A,N,E,I,A,A,H,-,A,D,0,,,,,Y,Y,D,22,1,0,0,0,0,0,0,0,0,"- ","- ",39.295440673828125,-121.66889953613281,SUTTER,UNINCORPORATED,-121.66902160644531,39.295394897460938
91612002,2021,2021-11-01,9285,2021-10-23,0130,020454,,6,3,9,5100,0,3,5,,1,005,"S TOWNSHIP ROAD","OBANION RD",3320.00,S,N,A,-,N,,,,,,,,,,Y,2,0,1,1,A,-,08,22107,,M,E,I,A,A,H,-,D,D,0,,,,,Y,,D,22,1,0,0,0,0,0,0,0,0,"- ","- ",39.016048431396484,-121.68988037109375,SUTTER,UNINCORPORATED,-121.68974304199219,39.016151428222656
6616575,2014,2014-09-16,9285,2014-08-14,0230,017534,,4,3,9,5100,0,3,5,,1,001,"STRIPLIN RD","PLEASANT GROVE RD",233.00,W,N,A,-,N,,,,,,,,,,Y,2,0,1,1,A,-,01,23152,A,N,E,I,A,A,H,-,D,D,0,,,,,Y,Y,D,22,1,0,0,0,0,0,0,0,0,"- ","- ",38.867690000000003,-121.48889,SUTTER,UNINCORPORATED,-121.48805,38.86759
9037222,2020,2020-02-26,5102,2020-01-11,1400,4094,4,6,5,4,5102,0,0,0,,0,004,"BRIDGE ST","COOPER AV",0.00,,Y,A,-,N,,,,,,,,,,Y,2,0,4,2,A,-,12,21453,A,N,D,C,A,A,H,-,A,A,0,,,,,Y,,D,22,1,3,0,0,0,0,0,0,0,"- ","- ",,,SUTTER,"YUBA CITY",-121.62329864501953,39.132541656494141
90381187,2017,2017-01-30,9285,2017-01-26,1455,014793,,4,2,9,5100,0,2,4,,1,073,"BUTTE HOUSE ROAD","MALLOTT ROAD",0.00,,Y,A,-,N,,,,,,,,,,Y,2,0,3,2,A,-,03,22350,,N,C,C,A,A,H,-,A,D,0,,,,,Y,,A,01,1,0,2,0,0,0,0,0,0,"- ","- ",39.167580000000001,-121.73526,SUTTER,UNINCORPORATED,-121.73502986,39.167529930000001
92059972,2023,2023-05-03,9285,2023-04-08,"700 ",021012,,6,1,9,5100,0,3,5,,1,001,"BEAR RIVER DR","BREWER RD",3025.00,E,N,A,-,N,,,,,,,,,,N,1,1,0,2,A,-,03,22350,,F,C,G,A,A,H,-,A,D,0,,Y,,,Y,,A,07,0,0,0,0,0,1,0,0,0,"- ","- ",38.980621337890625,-121.44123840332031,SUTTER,UNINCORPORATED,-121.44124603271484,38.980609893798828
90177767,2016,2016-05-12,9285,2016-04-23,0747,015976,,6,1,9,5100,0,1,3,,1,011,SR-99,"WILSON RD.",2112.00,S,N,B,-,Y,,,99,,,,,,,Y,2,0,3,1,A,-,01,23152,F,N,F,A,A,A,H,-,A,D,0,,,,,Y,Y,A,01,1,1,1,0,0,0,0,0,0,"- ","- ",38.969050000000003,-121.60673,SUTTER,UNINCORPORATED,-121.60680845,38.96903923
90372584,2016,2017-01-19,9285,2016-12-19,0437,020170,,1,3,9,5100,0,1,3,,1,072,"SR-20 E/B","SOUTHRIDGE BLVD",1090.00,E,N,A,-,Y,,,20,,,,,,E,Y,1,1,1,2,A,-,05,21460,A,N,A,C,A,A,H,-,D,D,0,,,,,Y,,D,22,0,1,0,0,0,0,0,0,0,"- ","- ",39.149340000000002,-121.79139000000001,SUTTER,UNINCORPORATED,-121.79140096,39.149293299999997
91207244,2020,2020-04-01,9285,2020-02-29,1117,013174,,6,1,9,5100,0,1,3,,1,051,SR-99,"BARRY RD",590.00,S,N,A,-,Y,,,99,,,,,,,Y,2,0,4,1,A,-,08,22107,,N,E,I,A,A,H,-,A,D,0,,,,,Y,,A,01,2,0,2,0,0,0,0,0,0,"- ","- ",39.074989318847656,-121.635009765625,SUTTER,UNINCORPORATED,-121.63494873046875,39.074993133544922
92234423,2023,2023-11-13,9285,2023-10-19,"19  ",022320,,4,3,9,5100,0,1,3,,1,011,"STATE ROUTE 99 NORTHBOUND","SACRAMENTO AVENUE",3696.00,S,N,A,-,Y,SUT,,99," "," ",12.989,H,,R,Y,1,1,2,2,A,-,01,23152,A,N,A,C,A,A,H,-,D,D,0,,,,,Y,Y,A,01,1,1,0,0,0,0,0,0,0,"- ","- ",38.909980773925781,-121.59619903564453,SUTTER,UNINCORPORATED,-121.59629821777344,38.909889221191406
6475816,2014,2014-07-23,9285,2014-04-13,1800,13174,,7,2,9,5100,0,3,5,,1,001,"GARDEN HWY","SUTTER / SACRAMENTO CO LINE",1700.00,N,N,A,-,N,,,,,,,,,,Y,2,0,2,1,A,-,08,22107,,N,E,I,A,A,H,-,A,D,0,,,,,Y,,A,01,1,1,0,0,0,0,0,0,0,"- ","- ",38.740690000000001,-121.59974,SUTTER,UNINCORPORATED,-121.59976958999999,38.7406115
8687748,2018,2018-10-05,5102,2018-07-27,2223,4093,5,5,5,4,5102,0,0,0,,0,005,"GARDEN HWY","EPLEY DR",228.00,N,N,A,B,N,,,,,,,,,,N,2,0,1,2,A,-,11,21954,A,N,G,B,D,A,H,-,C,D,0,Y,,,,Y,,N,60,1,0,0,0,1,0,0,0,0,"- ","- ",,,SUTTER,"YUBA CITY",-121.61727142333984,39.111061096191406
90857693,2018,2018-11-12,9285,2018-11-04,1400,016343,,7,2,9,5100,0,3,5,,1,001,"GARDEN HWY","RIEGO RD",328.00,N,N,A,-,N,,,,,,,,,,Y,2,0,2,2,A,-,05,21650,,N,A,C,A,A,H,-,A,D,0,,,,,Y,Y,A,07,1,0,1,0,0,0,0,0,0,"- ","- ",38.750099182128906,-121.59352111816406,SUTTER,UNINCORPORATED,-121.59373474121094,38.749767303466797
94478579,2024,2024-11-21,9285,2024-10-23,"640 ",020805,,3,1,9,5100,0,3,5,,1,001,"ENSLEY ROAD","GIFFORD ROAD",2112.00,W,N,A,-,N,,,,,,,,,,Y,1,1,0,1,A,-,08,22107,,N,E,I,A,A,H,-,D,D,0,,,,,Y,,A,01,0,0,0,0,0,0,0,0,0,"- ","- ",38.806640625,-121.6903076171875,SUTTER,UNINCORPORATED,,
8588617,2018,2018-04-05,5102,2018-03-05,1455,4083,1,1,5,4,5102,0,0,0,,0,,"FRANKLIN RD","EL MARGARITA RD",90.00,E,N,A,-,N,,,,,,,,,,Y,2,0,2,2,A,-,09,21801,A,N,D,C,A,A,H,-,A,D,0,,,,,Y,,A,01,1,0,1,0,0,0,0,0,0,"- ","- ",,,SUTTER,"YUBA CITY",-121.66207122802734,39.127178192138672
90511791,2017,2017-07-28,9285,2017-07-05,1938,019798,,3,2,9,5100,0,3,5,,1,007,"W. BUTTE RD.","PASS RD.",3696.00,N,N,A,-,N,,,,,,,,,,N,2,0,1,1,A,-,08,22107,,N,F,A,A,A,H,-,A,D,0,,,Y,,Y,,C,02,1,0,0,0,0,0,0,0,1,"- ","- ",39.196199999999997,-121.89403,SUTTER,UNINCORPORATED,-121.89300608000001,39.195176279999998
92111626,2023,2023-07-07,9285,2023-05-28,1335,019139,,7,1,9,5100,0,3,5,,1,007,"LARKIN ROAD","RIVIERA ROAD",658.00,N,N,A,-,N,,,,,,,,,,Y,1,2,4,2,A,-,01,23152,F,N,A,C,A,A,H,-,A,D,0,,,,,Y,,A,01,4,0,0,0,0,0,0,0,0,"- ","- ",39.303398132324219,-121.65985107421875,SUTTER,UNINCORPORATED,-121.65992736816406,39.303398132324219
8921168,2019,2019-09-05,5102,2019-08-02,1841,4105,4,5,5,4,5102,0,0,0,,0,004,"BRIDGE ST","GRAY AV",0.00,,Y,A,-,N,,,,,,,,,,Y,2,0,2,3,A,-,01,23153,A,N,D,C,A,A,H,-,A,A,0,,,,,Y,Y,D,22,1,1,0,0,0,0,0,0,0,"- ","- ",,,SUTTER,"YUBA CITY",-121.62991333007812,39.132289886474609
9720219,2024,2024-09-05,5102,2024-07-03,2248,4148,4,3,5,4,5102,0,0,0,,0,004,"RT 99","RT 20",0.00,,Y,A,-,Y,SUT,3,99,-,-,30.590,H,-,N,N,2,0,1,3,A,-,03,22350,,N,C,C,A,A,H,-,C,D,0,,,Y,,Y,,C,02,1,0,0,0,0,0,0,0,1,"- ","- ",,,SUTTER,"YUBA CITY",-121.63448333740234,39.141254425048828
90410769,2017,2017-08-24,9285,2017-02-12,1850,014793,,7,2,4,5102,0,1,3,,1,071,"SR-99 S/B","QUEENS AVENUE",1056.00,N,N,A,-,Y,,,99,,,,,,S,Y,1,1,3,3,A,-,03,22350,,N,C,C,A,A,H,-,C,D,0,,,,,Y,,A,01,0,0,3,0,0,0,0,0,0,"- ","- ",39.15408,-121.63549999999999,SUTTER,"YUBA CITY",-121.63555839999999,39.15408137
90035205,2015,2015-10-21,9285,2015-10-11,0640,15048,,7,1,9,5100,0,3,5,,1,005,"BOGUE ROAD","HOLCOMB AVENUE",690.00,W,N,A,-,N,,,,,,,,,,Y,2,0,1,1,A,-,01,23152,A,N,E,I,A,A,H,-,B,D,0,,,,,Y,Y,A,01,1,0,0,0,0,0,0,0,0,"- ","- ",39.088529999999999,-121.64174,SUTTER,UNINCORPORATED,-121.65985166999999,39.098165819999998
90267483,2016,2016-09-14,9285,2016-05-30,1546,013174,,1,2,9,5100,0,2,4,,1,052,"LINCOLN RD","GEORGE WASHINGTON BLVD",517.00,W,N,A,-,N,,,,,,,,,,Y,1,1,0,1,A,-,01,23152,A,N,E,I,A,A,H,-,A,D,0,,,,,Y,Y,A,01,0,0,0,0,0,0,0,0,0,"- ","- ",39.11253,-121.67424,SUTTER,UNINCORPORATED,-121.67353239000001,39.112532850000001
91586001,2021,2021-10-01,9285,2021-09-25,1509,021012,,6,2,9,5100,0,3,5,,1,001,"PACIFIC AVE","STRIPLIN RD",4699.00,N,N,A,-,N,,,,,,,,,,Y,2,0,2,1,A,-,08,22107,,N,F,A,A,A,H,-,A,D,0,,,,,Y,,A,07,1,1,0,0,0,0,0,0,0,"- ","- ",38.880321502685547,-121.52503204345703,SUTTER,UNINCORPORATED,-121.52494812011719,38.879844665527344
91340542,2020,2020-11-05,9285,2020-10-26,2225,018561,,1,3,9,5100,0,1,3,,1,010,SR-70,"KEMPTON RD",0.00,,Y,A,-,Y,,,70,,,,,,,Y,2,0,2,2,A,-,01,23152,A,N,D,C,A,A,H,-,C,A,0,,,,,Y,Y,A,01,1,0,1,0,0,0,0,0,0,"- ","- ",38.953769683837891,-121.54364013671875,SUTTER,UNINCORPORATED,-121.54358673095703,38.953769683837891
7006775,2015,2016-01-27,9285,2015-06-03,2143,019144,,3,2,9,5100,0,3,5,,1,007,"LYTLE RD","RT 20",0.00,,Y,A,-,Y,SUT,3,20,-,-,11.370,I,5,W,Y,1,1,1,2,A,-,09,21802,A,F,D,C,A,A,H,-,D,A,0,,,Y,,Y,,D,22,1,0,0,0,0,0,0,0,0,"- ","- ",39.141800000000003,-121.71317999999999,SUTTER,UNINCORPORATED,-121.71325874999999,39.141799740000003
8939728,2023,2025-06-28,5102,2023-12-19,"550 ",4129,4,2,5,4,5102,0,0,0,,0,004,"BRIDGE ST","PLUMAS ST",0.00,,Y,C,-,N,,,,,,,,,,N,1,1,0,2,A,-,11,21954,A,N,G,B,D,B,H,-,C,A,0,Y,,,,Y,,N,60,0,0,0,1,0,0,0,0,0,"- ","- ",,,SUTTER,"YUBA CITY",-121.61525726318359,39.135402679443359
91466316,2021,2021-05-27,9285,2021-04-27,1920,018475,,2,2,9,5100,0,2,4,,1,052,"GARDEN HWY","BARRY RD",1018.00,S,N,A,-,N,,,,,,,,,,Y,2,0,1,1,A,-,01,23152,A,N,E,I,A,A,H,-,A,D,0,,,,,Y,Y,A,01,1,0,0,0,0,0,0,0,0,"- ","- ",39.074119567871094,-121.60682678222656,SUTTER,UNINCORPORATED,-121.60678100585938,39.074249267578125
92174586,2023,2023-09-20,9285,2023-09-13,"730 ",019085,,3,1,9,5100,0,3,5,,1,005,"CLEMENTS ROAD","BOGUE ROAD",50.00,N,N,A,-,N,,,,,,,,,,Y,1,1,0,1,A,-,08,22107,,N,E,I,A,A,H,-,A,D,0,,,,,Y,,A,01,0,0,0,0,0,0,0,0,0,"- ","- ",39.098781585693359,-121.745361328125,SUTTER,UNINCORPORATED,-121.74524688720703,39.098705291748047
9389162,2021,2022-01-24,5102,2021-12-13,1514,4105,1,1,5,4,5102,0,0,0,,0,001,"FRANKLIN RD","EL MARGARITA RD",125.00,W,N,C,-,N,,,,,,,,,,Y,2,0,1,2,A,-,08,22107,,N,D,C,A,B,H,-,A,D,0,,,,,Y,,A,01,1,0,0,0,0,0,0,0,0,"- ","- ",,,SUTTER,"YUBA CITY",-121.66283416748047,39.127174377441406
91273189,2020,2020-07-23,9285,2020-07-16,2200,020454,,4,3,9,5100,0,3,5,,1,007,"PASS RD","KELLOGG RD",2764.00,E,N,A,-,N,,,,,,,,,,Y,2,0,2,1,A,-,01,23152,G,N,E,I,A,A,H,-,D,D,0,,,,,Y,Y,A,01,1,1,0,0,0,0,0,0,0,"- ","- ",39.186389923095703,-121.77252960205078,SUTTER,UNINCORPORATED,-121.77259826660156,39.186260223388672
91845900,2022,2022-12-07,9285,2022-08-08,1339,015976,,1,1,9,5100,0,1,A,,2,711,SR-99,"SACRAMENTO AVE",0.00,,N,B,-,Y,SUT,,99,,,13.395,H,,R,Y,2,0,2,2,A,-,09,21804,A,N,D,C,A,A,H,-,A,D,0,,,Y,,Y,,D,22,1,1,0,0,0,0,0,0,1,"- ","- ",38.913639068603516,-121.60205841064453,SUTTER,UNINCORPORATED,-121.60214233398438,38.913558959960938
9428448,2022,2022-05-16,5102,2022-04-13,1632,4120,2,3,5,4,5102,0,0,0,,0,002,"BUTTE HOUSE RD","STABLER LN",35.00,W,N,A,-,N,,,,,,,,,,Y,2,0,1,2,A,-,08,22107,,N,D,C,A,A,H,-,A,D,0,,,,,Y,,D,22,1,0,0,0,0,0,0,0,0,"- ","- ",,,SUTTER,"YUBA CITY",-121.64408874511719,39.148063659667969
90406443,2017,2017-03-06,9285,2017-02-15,0325,019798,,3,3,9,5100,0,3,5,,1,007,"EAST ONSTOTT ROAD","EAGER ROAD",3696.00,S,N,A,-,N,,,,,,,,,,N,1,1,0,2,A,-,03,22350,,F,C,G,A,A,H,-,D,D,0,,Y,,,Y,,-,99,0,0,0,0,0,1,0,0,0,"- ","- ",39.17924,-121.63459,SUTTER,UNINCORPORATED,-121.63461160999999,39.180368909999999
91125833,2019,2019-11-21,9285,2019-11-14,1650,016052,,4,2,9,5100,0,3,5,,1,007,"PASS ROAD","KELLOGG RD",14626.00,W,N,A,-,N,,,,,,,,,,Y,1,2,1,2,A,-,05,21650,,N,A,C,A,A,H,-,B,D,0,,,,,Y,,A,01,1,0,0,0,0,0,0,0,0,"- ","- ",39.186931610107422,-121.83418273925781,SUTTER,UNINCORPORATED,-121.83333587646484,39.186668395996094
91423287,2021,2021-03-09,9285,2021-02-24,0115,018561,,3,3,9,5100,0,3,5,,1,005,"TUDOR ROAD","GARDEN HWY",0.00,,Y,A,-,N,,,,,,,,,,Y,2,0,1,3,A,-,01,23152,A,N,E,I,A,A,H,-,C,A,0,,,,Y,Y,Y,A,01,1,0,0,0,0,0,0,0,0,"- ","- ",39.003688812255859,-121.60997772216797,SUTTER,UNINCORPORATED,-121.61005401611328,39.003696441650391
90177763,2016,2016-05-12,9285,2016-04-20,1530,015976,,3,2,9,5100,0,3,5,,1,001,"SANKEY RD.","NATOMAS RD.",0.00,,Y,A,-,N,,,,,,,,,,Y,2,0,1,2,A,-,09,21802,A,N,D,C,A,A,H,-,A,A,0,,,Y,,Y,,A,07,1,0,0,0,0,0,0,0,1,"- ","- ",38.780239999999999,-121.50134,SUTTER,UNINCORPORATED,-121.50115995,38.780149950000002
91823906,2022,2022-07-25,9285,2022-07-18,1240,019085,,1,1,9,5100,0,3,5,,1,005,"BAILEY RD","OBANION RD",1850.00,S,N,A,-,N,,,,,,,,,,Y,2,0,1,2,A,-,03,22350,,N,C,C,A,A,H,-,A,D,0,,,Y,,Y,,-,"- ",1,0,0,0,0,0,0,0,1,"- ","- ",39.020278930664062,-121.66265106201172,SUTTER,UNINCORPORATED,-121.66258239746094,39.020309448242188
90047865,2015,2015-11-10,9285,2015-08-31,0945,014401,,1,1,9,5100,0,3,5,,1,005,"CARLSON RD","HUTCHINSON RD",0.00,,Y,A,-,N,,,,,,,,,,Y,1,1,1,2,A,-,09,21802,A,N,D,C,A,A,H,-,A,A,0,,,,,Y,,A,01,1,0,0,0,0,0,0,0,0,"- ","- ",39.039850000000001,-121.6534,SUTTER,UNINCORPORATED,-121.65336992,39.039859960000001