CASE_ID,ACCIDENT_YEAR,PROC_DATE,JURIS,COLLISION_DATE,COLLISION_TIME,OFFICER_ID,REPORTING_DISTRICT,DAY_OF_WEEK,CHP_SHIFT,POPULATION,CNTY_CITY_LOC,SPECIAL_COND,BEAT_TYPE,CHP_BEAT_TYPE,CITY_DIVISION_LAPD,CHP_BEAT_CLASS,BEAT_NUMBER,PRIMARY_RD,SECONDARY_RD,DISTANCE,DIRECTION,INTERSECTION,WEATHER_1,WEATHER_2,STATE_HWY_IND,CALTRANS_COUNTY,CALTRANS_DISTRICT,STATE_ROUTE,ROUTE_SUFFIX,POSTMILE_PREFIX,POSTMILE,LOCATION_TYPE,RAMP_INTERSECTION,SIDE_OF_HWY,TOW_AWAY,COLLISION_SEVERITY,NUMBER_KILLED,NUMBER_INJURED,PARTY_COUNT,PRIMARY_COLL_FACTOR,PCF_CODE_OF_VIOL,PCF_VIOL_CATEGORY,PCF_VIOLATION,PCF_VIOL_SUBSECTION,HIT_AND_RUN,TYPE_OF_COLLISION,MVIW,PED_ACTION,ROAD_SURFACE,ROAD_COND_1,ROAD_COND_2,LIGHTING,CONTROL_DEVICE,CHP_ROAD_TYPE,PEDESTRIAN_ACCIDENT,BICYCLE_ACCIDENT,MOTORCYCLE_ACCIDENT,TRUCK_ACCIDENT,NOT_PRIVATE_PROPERTY,ALCOHOL_INVOLVED,STWD_VEHTYPE_AT_FAULT,CHP_VEHTYPE_AT_FAULT,COUNT_SEVERE_INJ,COUNT_VISIBLE_INJ,COUNT_COMPLAINT_PAIN,COUNT_PED_KILLED,COUNT_PED_INJURED,COUNT_BICYCLIST_KILLED,COUNT_BICYCLIST_INJURED,COUNT_MC_KILLED,COUNT_MC_INJURED,PRIMARY_RAMP,SECONDARY_RAMP,LATITUDE,LONGITUDE,COUNTY,CITY,POINT_X,POINT_Y
90064939,2015,2015-12-03,9285,2015-11-26,2315,018522,,4,3,9,5100,0,1,3,,1,010,"SR-70 N/B","KEMPTON ROAD",0.00,,Y,A,-,Y,,,,,,,,,,Y,2,0,5,2,A,-,01,23153,A,N,D,C,A,A,H,-,C,A,0,,,,,Y,Y,A,07,1,0,4,0,0,0,0,0,0,"- ","- ",38.95402,-121.54358000000001,SUTTER,UNINCORPORATED,,
90771843,2018,2018-07-18,9285,2018-07-09,1800,019085,,1,2,9,5100,0,1,3,,1,072,SR-20,"SOUTHRIDGE BLVD",1170.00,W,N,A,-,Y,,,20,,,,,,,Y,2,0,1,2,A,-,03,22350,,N,C,C,A,A,H,-,A,D,0,,,,,Y,,A,01,1,0,0,0,0,0,0,0,0,"- ","- ",39.149898529052734,-121.79966735839844,SUTTER,UNINCORPORATED,-121.79966735839844,39.149803161621094
90987211,2019,2019-05-13,9285,2019-05-03,1530,016343,,5,2,9,5100,0,3,5,,1,007,BROADWAY,"ENCINAL RD",3696.00,N,N,A,-,N,,,,,,,,,,Y,2,0,1,2,A,-,09,21804,A,N,D,C,A,A,H,-,A,D,0,,,,,Y,,A,07,1,0,0,0,0,0,0,0,0,"- ","- ",39.195098876953125,-121.67867279052734,SUTTER,UNINCORPORATED,-121.67858123779297,39.228160858154297
91785051,2022,2022-05-31,9285,2022-05-19,1410,020070,,4,2,9,5100,0,1,3,,1,051,SR-99,"HUTCHINSON RD",757.00,S,N,A,-,Y,SUT,,99,,,23.430,H,,R,Y,2,0,4,4,A,-,07,21658,A,M,B,C,A,A,H,-,A,D,0,,,,,Y,,A,01,2,2,0,0,0,0,0,0,0,"- ","- ",39.037498474121094,-121.63456726074219,SUTTER,UNINCORPORATED,-121.63469696044922,39.037498474121094
92069275,2023,2023-05-15,9285,2023-03-19,1203,020070,,7,1,9,5100,0,1,3,,1,051,"STATE ROUTE 99","OSWALD ROAD",0.00,,Y,B,-,Y,SUT,,99," "," ",25.620,H,,R,Y,1,1,0,2,A,-,09,21802,B,N,D,C,A,B,H,-,A,A,0,,,,Y,Y,,G,25,0,0,0,0,0,0,0,0,0,"- ","- ",39.0689697265625,-121.63339996337891,SUTTER,UNINCORPORATED,-121.63336944580078,39.0689697265625
92435960,2024,2024-07-11,9285,2024-06-30,"213 ",022748,,7,3,9,5100,0,3,5,,1,001,"SR-99 S/B","RIEGO ROAD",3696.00,N,N,A,-,Y,,,,,,,,,,Y,2,0,3,2,C,-,18,,,N,D,C,A,A,H,-,D,A,0,,,,,Y,,-,"- ",2,0,1,0,0,0,0,0,0,"- ","- ",38.160469055175781,-121.54351806640625,SUTTER,UNINCORPORATED,-121.54367065429688,38.760326385498047
8195002,2016,2017-01-24,5102,2016-12-24,1635,,,6,5,4,5102,0,0,0,,0,,"MARCIA AV","CLARK AV",0.00,,Y,A,-,N,,,,,,,,,,Y,2,0,2,3,A,-,09,21802,A,N,D,C,A,A,H,-,A,A,0,,,,,Y,Y,A,01,1,0,1,0,0,0,0,0,0,"- ","- ",39.1248,-121.62475999999999,SUTTER,"YUBA CITY",-121.62476992000001,39.124789980000003
91281578,2020,2020-08-06,9285,2020-08-01,1400,018783,,6,2,9,5100,0,3,5,,1,001,"POWERLINE RD","RIEGO RD",2640.00,S,N,A,-,N,,,,,,,,,,Y,2,0,1,1,A,-,01,23152,F,N,F,A,A,A,H,-,A,D,0,,,,,Y,,A,01,1,0,0,0,0,0,0,0,0,"- ","- ",38.745628356933594,-121.57675933837891,SUTTER,UNINCORPORATED,-121.57683563232422,38.742389678955078
91838630,2022,2022-08-12,9285,2022-08-03,1450,021690,,3,2,9,5100,0,1,3,,1,011,SR-99,"HOWSLEY RD",4830.00,S,N,A,-,Y,,,,,,,,,,Y,2,0,2,1,A,-,08,22107,,N,F,8,A,A,H,-,A,D,0,,,,,Y,,A,07,1,1,0,0,0,0,0,0,0,"- ","- ",39.806930541992188,-121.54396820068359,SUTTER,UNINCORPORATED,-121.54376983642578,38.808017730712891
9126804,2020,2020-10-05,5102,2020-07-06,1737,4120,4,1,5,4,5102,0,0,0,,0,004,"2ND ST","BRIDGES ST",70.00,N,N,A,-,N,,,,,,,,,,N,2,0,1,2,A,-,01,23153,B,F,G,B,E,A,H,-,A,D,0,Y,,,,Y,Y,A,01,1,0,0,0,1,0,0,0,0,"- ","- ",,,SUTTER,"YUBA CITY",-121.91599273681641,39.145389556884766
91256345,2020,2020-06-23,9285,2020-06-14,1610,020106,,7,2,9,5100,0,3,5,,1,005,"OBANION RD","GEORGE WASHINGTON BLVD",402.00,W,N,A,-,N,,,,,,,,,,Y,2,0,2,1,A,-,03,22350,,N,F,A,A,A,H,-,A,D,0,,,,,Y,,A,01,2,0,0,0,0,0,0,0,0,"- ","- ",39.025398254394531,-121.67369842529297,SUTTER,UNINCORPORATED,-121.67324829101562,39.025333404541016
94518322,2024,2024-12-27,9285,2024-12-18,1513,017118,,3,2,9,5100,0,1,3,,1,071,"STATE ROUTE 99","EAGER RD",5280.00,N,N,A,-,Y,SUT,,99," ",T,34.977,H,,R,Y,2,0,4,5,A,-,03,22350,,N,C,C,A,A,H,-,A,D,0,,,,Y,Y,,F,55,1,1,2,0,0,0,0,0,0,"- ","- ",39.205741882324219,-121.636962890625,SUTTER,UNINCORPORATED,-121.63680267333984,39.205776214599609
8956053,2019,2019-10-24,5102,2019-09-17,2057,4076,5,2,5,4,5102,0,0,0,,0,005,"FRANKLIN AV","BARRETT RD",12.00,W,N,B,-,N,,,,,,,,,,Y,2,0,1,6,A,-,01,23153,A,F,D,C,A,A,H,-,C,A,0,,,,,Y,Y,D,22,1,0,0,0,0,0,0,0,0,"- ","- ",,,SUTTER,"YUBA CITY",-121.63108062744141,39.127281188964844
90176788,2016,2016-05-11,9285,2016-05-01,1949,018153,,7,2,9,5100,0,3,5,,1,007,"PASS RD","KELLOGG RD",3696.00,E,N,A,-,N,,,,,,,,,,Y,1,1,0,2,A,-,01,23152,A,N,D,C,A,A,H,-,A,D,0,,,Y,,Y,Y,C,02,0,0,0,0,0,0,0,1,0,"- ","- ",38.185400000000001,-121.76961,SUTTER,UNINCORPORATED,-121.76953562,39.185349899999999
90862300,2018,2018-11-26,9285,2018-11-13,2118,017129,,2,2,9,5100,0,1,3,,1,010,"STATE ROUTE 70   N/B","KEMPTON ROAD",0.00,,Y,A,-,Y,,,,,,,,,,Y,2,0,2,2,A,-,01,23152,A,N,D,C,A,A,H,-,C,D,0,,,,,Y,Y,A,01,1,1,0,0,0,0,0,0,0,"- ","- ",38.953750610351562,-121.5435791015625,SUTTER,UNINCORPORATED,,
91223775,2020,2020-04-09,9285,2020-04-04,2103,018783,,6,2,9,5100,0,3,5,,1,007,"PASS RD","KELLOGG RD",336.00,E,N,B,-,N,,,,,,,,,,Y,2,0,1,1,A,-,01,23152,A,N,E,I,A,B,H,-,D,D,0,,,,,Y,Y,A,01,1,0,0,0,0,0,0,0,0,"- ","- ",39.186351776123047,-121.78115844726562,SUTTER,UNINCORPORATED,-121.78115081787109,39.186347961425781
6881509,2015,2016-09-02,5102,2015-03-18,0641,4074,5102,3,5,4,5102,0,0,0,,0,002,"RT 20","STABLER LN",300.00,E,N,A,-,Y,SUT,3,20,-,R,15.150,H,-,E,Y,2,0,2,2,A,-,11,21954,A,N,G,B,D,A,H,-,D,A,0,Y,,,,Y,,N,60,1,0,1,0,1,0,0,0,0,"- ","- ",,,SUTTER,"YUBA CITY",-121.64297304999999,39.141693119999999
8118641,2016,2016-09-20,5102,2016-04-23,1954,5104,5100,6,5,4,5102,0,0,0,,0,001,"WALTON AV","CAMINO DEL FLORES",0.00,,Y,A,-,N,,,,,,,,,,Y,2,0,1,2,A,-,01,23153,B,N,C,C,A,A,H,-,B,A,0,,,Y,,Y,Y,D,22,1,0,0,0,0,0,0,0,1,"- ","- ",,,SUTTER,"YUBA CITY",-121.6438699,39.124009970000003
90488871,2017,2017-06-27,9285,2017-06-24,1725,017534,,6,2,9,5100,0,3,5,,1,003,"PROGRESS RD","ACME ROAD",670.00,S,N,A,-,N,,,,,,,,,,Y,2,0,1,1,A,-,08,22107,,N,F,A,A,A,H,-,A,D,0,,,,,Y,,D,22,1,0,0,0,0,0,0,0,0,"- ","- ",39.042090000000002,-121.79991,SUTTER,UNINCORPORATED,-121.80042,39.042434280000002
90547671,2017,2017-09-14,9285,2017-09-12,0547,014401,,2,3,9,5100,0,3,5,,1,001,"PLEASANT GROVE RD","KEYS RD",180.00,S,N,A,-,N,,,,,,,,,,Y,2,0,2,2,A,-,05,21650,,N,A,C,A,A,H,-,D,D,0,,,,,Y,,A,01,1,1,0,0,0,0,0,0,0,"- ","- ",38.794370000000001,-121.48812,SUTTER,UNINCORPORATED,-121.48824260000001,38.794220889999998
91402348,2021,2021-02-04,9285,2021-01-30,1453,018561,,6,2,9,5100,0,3,5,,1,007,"PASS RD","KELLOGG RD",12672.00,W,N,A,-,N,,,,,,,,,,N,2,0,1,2,A,-,17,21712,B,N,H,A,E,A,H,-,A,D,0,Y,,,,Y,,N,60,1,0,0,0,1,0,0,0,0,"- ","- ",39.186489105224609,-121.82836151123047,SUTTER,UNINCORPORATED,-121.82646942138672,39.186405181884766
91467137,2021,2021-05-27,9285,2021-04-29,2300,021025,,4,3,9,5100,0,1,3,,1,011,SR-99,"HOWSLEY ROAD",4600.00,S,N,A,-,Y,,,99,,,,,,,Y,2,0,1,1,A,-,08,22107,,N,F,A,A,A,H,-,D,D,0,,,,,Y,,A,01,1,0,0,0,0,0,0,0,0,"- ","- ",38.807510375976562,-121.54369354248047,SUTTER,UNINCORPORATED,-121.54376983642578,38.807510375976562
90480733,2017,2017-06-19,9285,2017-06-03,1115,019760,,6,1,9,5100,0,3,5,,1,001,"KEYS RD","PLEASANT GROVE RD",140.00,E,N,A,-,N,,,,,,,,,,Y,2,0,1,1,A,-,01,23152,F,N,F,A,A,A,H,-,A,A,0,,,Y,,Y,,C,02,1,0,0,0,0,0,0,0,1,"- ","- ",38.795059999999999,-121.48703999999999,SUTTER,UNINCORPORATED,-121.48818073,38.794906470000001
91852373,2022,2022-08-29,9285,2022-08-18,1120,015976,,4,1,9,5100,0,1,3,,1,020,SR-99,"WILSON RD",0.00,,Y,B,-,Y,SUT,,99,,R,17.491,H,,R,Y,2,0,1,2,A,-,12,21453,A,N,D,C,A,A,H,-,A,A,0,,,,,Y,,A,08,1,0,0,0,0,0,0,0,0,"- ","- ",38.974941253662109,-121.60989379882812,SUTTER,UNINCORPORATED,-121.60981750488281,38.974971771240234
6473111,2014,2014-07-08,9285,2014-03-26,0640,15048,,3,1,9,5100,0,3,5,,1,003,"RECLAMATION RD","SEYMOUR RD",386.00,S,N,C,-,N,,,,,,,,,,Y,2,0,1,1,A,-,03,22350,,N,F,A,A,B,H,-,A,D,0,,,,Y,Y,,F,25,1,0,0,0,0,0,0,0,0,"- ","- ",38.878230000000002,-121.71199,SUTTER,UNINCORPORATED,-121.71205365,38.879183230000002
9289889,2021,2021-07-29,5102,2021-06-09,1015,4073,4,3,5,4,5102,0,0,0,,0,004,"BRIDGE ST","COOPER AV",0.00,,Y,A,-,N,,,,,,,,,,Y,2,0,3,2,A,-,12,21453,A,N,D,C,A,A,H,-,A,A,0,,,,,Y,,-,"- ",1,2,0,0,0,0,0,0,0,"- ","- ",,,SUTTER,"YUBA CITY",-121.62329864501953,39.132541656494141
9569177,2023,2023-06-13,5102,2023-04-30,2028,4120,5,7,5,4,5102,0,0,0,,0,005,"GARDEN HWY","BELL AV",300.00,S,N,A,-,N,,,,,,,,,,Y,2,0,1,2,A,-,11,21956,,N,G,B,D,A,H,-,D,D,0,Y,,,,Y,Y,A,01,1,0,0,0,1,0,0,0,0,"- ","- ",,,SUTTER,"YUBA CITY",-121.61471557617188,39.120845794677734
91109353,2019,2020-06-01,9285,2019-10-19,0117,18475,,6,3,9,5100,0,1,3,,1,071,"SR-99 S/B","LIVE OAK BOULEVARD",353.00,N,N,A,-,Y,,,99,,,,,,S,Y,2,0,3,3,A,-,01,23152,A,F,E,I,E,A,H,-,C,A,0,Y,,,,Y,Y,A,07,1,2,0,0,2,0,0,0,0,"- ","- ",39.218898773193359,-121.64096832275391,SUTTER,UNINCORPORATED,-121.64108276367188,39.218936920166016
92175826,2023,2023-09-21,9285,2023-09-09,"20  ",021690,,6,3,9,5100,0,3,5,,1,002,"FORTY MILE RD","WHEATLAND RD",20.00,N,N,A,-,N,,,,,,,,,,Y,2,0,1,1,A,-,08,22107,,N,E,J,A,A,H,-,D,A,0,,,,,Y,,A,01,1,0,0,0,0,0,0,0,0,"- ","- ",38.990180969238281,-121.48764038085938,SUTTER,UNINCORPORATED,-121.48764038085938,38.989776611328125
92320338,2024,2024-02-22,9285,2024-02-14,"250 ",022534,,3,3,9,5100,0,1,3,,1,011,"STATE ROUTE 99","RIEGO ROAD",2400.00,S,N,A,-,Y,SUT,,99," "," ",0.487,H,,R,Y,2,0,2,2,A,-,01,23152,A,N,C,C,A,A,H,-,C,A,0,,,,,Y,Y,A,01,1,0,1,0,0,0,0,0,0,"- ","- ",38.743499755859375,-121.54019927978516,SUTTER,UNINCORPORATED,-121.54023742675781,38.743499755859375
94468578,2024,2024-11-13,9285,2024-09-28,1139,022867,,6,1,9,5100,0,1,3,,1,051,"STATE ROUTE 99 NORTHBOUND","STATE ROUTE 113",1056.00,N,N,A,-,Y,SUT,,99," ",R,20.474,H,,R,Y,1,3,4,2,A,-,01,23152,F,N,A,C,A,A,H,-,A,D,0,,,,,Y,,A,01,2,1,1,0,0,0,0,0,0,"- ","- ",39.009059906005859,-121.63430786132812,SUTTER,UNINCORPORATED,-121.63448333740234,39.009037017822266
9005079,2019,2020-02-18,5102,2019-12-01,1715,4103,1,7,5,4,5102,0,0,0,,0,001,"BUTTE HOUSE RD","HOOPER RD",0.00,,Y,B,-,N,,,,,,,,,,Y,2,0,5,2,A,-,12,22450,A,N,D,C,A,B,H,-,C,A,0,,,,,Y,Y,D,22,3,2,0,0,0,0,0,0,0,"- ","- ",,,SUTTER,"YUBA CITY",-121.66710662841797,39.154548645019531
9424699,2022,2022-03-28,5102,2022-01-10,1730,9004,1,1,5,4,5102,0,0,0,,0,001,"LASSEN BL","THARP RD",3.00,W,N,A,-,N,,,,,,,,,,N,2,0,1,2,A,-,10,21950,A,N,G,B,B,A,H,-,C,D,0,Y,,,,Y,,A,01,1,0,0,0,1,0,0,0,0,"- ","- ",,,SUTTER,"YUBA CITY",-121.64854431152344,39.137950897216797
9464162,2023,2023-03-13,5102,2023-02-05,"210 ",DEPUTY,85,7,5,4,5102,0,0,0,,0,007,"SOUTH WALTON AV","CAMINO DE FLORES",7.00,N,N,A,-,N,,,,,,,,,,Y,1,1,1,1,A,-,01,23153,A,N,E,I,A,B,H,-,C,A,0,,,,,Y,Y,D,22,1,0,0,0,0,0,0,0,0,"- ","- ",,,SUTTER,"YUBA CITY",-121.64386749267578,39.124031066894531
9526567,2023,2023-02-22,5102,2023-01-21,"639 ",4138,3,6,5,4,5102,0,0,0,,0,003,"MARKET ST","LYNN WY",691.00,N,N,A,-,N,,,,,,,,,,Y,2,0,1,2,A,-,11,21954,A,F,G,B,E,A,H,-,C,A,0,Y,,,,Y,,N,60,1,0,0,0,1,0,0,0,0,"- ","- ",,,SUTTER,"YUBA CITY",-121.61634063720703,39.152107238769531
9555059,2023,2023-03-22,5102,2023-02-08,1454,4129,3,3,5,4,5102,0,0,0,,0,003,"SUTTER ST","COLUSA FRONTAGE RD",220.00,S,N,A,-,N,,,,,,,,,,Y,2,0,1,1,C,-,18,,,N,E,I,A,A,H,-,A,D,0,,,,,Y,,-,"- ",1,0,0,0,0,0,0,0,0,"- ","- ",,,SUTTER,"YUBA CITY",-121.61211395263672,39.142780303955078
9569189,2023,2023-06-28,5102,2023-05-06,2037,4138,3,6,5,4,5102,0,0,0,,0,003,"RT 20","ROCCA WY",0.00,,Y,A,-,Y,SUT,3,20,-,-,15.720,I,5,E,Y,2,0,3,2,A,-,12,21453,A,N,D,C,A,A,H,-,C,A,0,,,,,Y,Y,A,01,1,2,0,0,0,0,0,0,0,"- ","- ",,,SUTTER,"YUBA CITY",-121.63194274902344,39.141704559326172
90724983,2018,2018-05-14,9285,2018-05-06,0230,019085,,7,3,9,5100,0,3,5,,1,001,"GARDEN HWY","GARWOOD RD",400.00,E,N,B,-,N,,,,,,,,,,Y,2,0,1,1,A,-,01,23152,A,N,F,A,A,A,H,-,D,D,0,,,,,Y,Y,A,01,1,0,0,0,0,0,0,0,0,"- ","- ",38.892059326171875,-121.59860992431641,SUTTER,UNINCORPORATED,-121.59881591796875,38.891895294189453
8971895,2019,2021-02-04,5102,2019-10-11,1409,4090,4,5,5,4,5102,0,0,0,,0,004,"COLUSA AV","SHASTA ST",0.00,,Y,A,-,Y,SUT,3,20,-,-,16.619,I,5,E,Y,2,0,3,3,A,-,12,21453,A,N,D,C,A,A,H,-,A,A,0,,,,,Y,,A,07,1,1,1,0,0,0,0,0,0,"- ","- ",,,SUTTER,"YUBA CITY",-121.61573028564453,39.141292572021484
90977319,2019,2019-04-29,9285,2019-04-27,2355,019478,,6,3,9,5100,0,3,5,,1,007,BROADWAY,"NUESTRO RD",2640.00,N,N,A,-,N,,,,,,,,,,Y,2,0,2,3,A,-,01,23152,A,F,C,E,A,A,H,-,D,D,0,,,,,Y,Y,A,01,1,1,0,0,0,0,0,0,0,"- ","- ",39.192249298095703,-121.67868041992188,SUTTER,UNINCORPORATED,-121.67864227294922,39.192428588867188
91923100,2022,2022-11-21,9285,2022-11-19,0655,018291,,6,1,9,5100,0,2,4,,1,052,"LINCOLN RD",SR-99,0.00,,Y,A,-,Y,SUT,,99,,,28.661,H,,L,Y,2,0,1,2,A,-,01,23152,A,N,D,C,A,A,H,-,A,A,0,,,Y,,Y,Y,D,22,1,0,0,0,0,0,0,0,1,"- ","- ",39.112651824951172,-121.63472747802734,SUTTER,UNINCORPORATED,-121.63474273681641,39.112648010253906
92104923,2023,2023-06-29,9285,2023-06-14,1525,019139,,3,2,9,5100,0,1,3,,1,051,"SR-99 N/B","OBANION RD.",79.00,N,N,A,-,Y,SUT,,99," "," ",22.616,H,,R,N,2,0,1,2,A,-,11,21954,A,N,G,B,D,A,H,-,A,A,0,Y,,,,Y,,N,60,1,0,0,0,1,0,0,0,0,"- ","- ",39.025638580322266,-121.63471984863281,SUTTER,UNINCORPORATED,-121.63468933105469,39.025638580322266
9529061,2022,2022-11-29,5102,2022-10-08,1857,4124,2,6,5,4,5102,0,0,0,,0,002,"FRANKLIN RD","LITTLE JOHN RD",0.00,,Y,A,-,N,,,,,,,,,,Y,2,0,1,2,A,-,09,21801,A,N,D,C,A,A,H,-,B,D,0,,,Y,,Y,,A,01,1,0,0,0,0,0,0,0,1,"- ","- ",,,SUTTER,"YUBA CITY",-121.63919067382812,39.127311706542969
90421106,2017,2017-09-14,9285,2017-03-18,0600,013174,,6,1,9,5100,0,3,5,,1,003,"SACRAMENTO VALLEY BOULEVARD","SAN DIEGO AVE",4652.00,S,N,B,-,N,,,,,,,,,,Y,1,1,0,1,A,-,03,22350,,N,E,J,A,A,H,-,D,D,0,,,,,Y,,A,01,0,0,0,0,0,0,0,0,0,"- ","- ",38.862009999999998,-121.70123,SUTTER,UNINCORPORATED,-121.69744635000001,38.854690429999998
6854451,2014,2015-04-28,9285,2014-07-04,1425,017118,,5,2,9,5100,0,1,3,,2,031,"RT 113","KIRKVILLE RD",1584.00,N,N,A,-,Y,SUT,3,113,-,-,7.940,H,-,S,Y,1,1,0,1,A,-,08,22107,,N,E,I,A,A,H,-,A,D,0,,,,,Y,,A,01,0,0,0,0,0,0,0,0,0,"- ","- ",38.912350000000004,-121.69190999999999,SUTTER,UNINCORPORATED,-121.69149946,38.913235020000002
90640231,2017,2018-03-26,9285,2017-12-27,2230,019085,,3,3,9,5100,0,1,3,,1,011,"SR-99 S/B","WEST CATLETT RD",0.00,,Y,A,E,Y,,,99,,,,,,S,Y,1,1,4,2,A,-,21,22106,,N,D,C,A,A,H,-,C,A,0,,,,,Y,,A,08,3,1,0,0,0,0,0,0,0,"- ","- ",38.837730000000001,-121.54398999999999,SUTTER,UNINCORPORATED,-121.54390721999999,38.837730120000003
91344367,2020,2020-11-12,9285,2020-11-02,1515,013174,,1,2,9,5100,0,3,5,,1,001,"EL CENTRO BLVD","CORNELIUS AVE",1150.00,N,N,A,-,N,,,,,,,,,,Y,2,0,1,1,A,-,08,22107,,N,F,I,A,A,H,-,A,D,0,,,Y,,Y,,C,02,1,0,0,0,0,0,0,0,1,"- ","- ",38.928188323974609,-121.54258728027344,SUTTER,UNINCORPORATED,-121.54153442382812,38.927467346191406
6290051,2014,2014-03-04,5102,2014-01-30,1904,4090,5102,4,5,4,5102,0,0,0,,0,003,"GRAY AV","PLAZA WY",169.00,S,N,B,-,N,,,,,,,,,,N,1,1,0,2,A,-,10,21954,B,F,G,B,D,A,H,-,C,D,0,Y,,,,Y,,A,08,0,0,0,1,0,0,0,0,0,"- ","- ",,,SUTTER,"YUBA CITY",-121.63021999999999,39.14271591
6898705,2015,2016-06-08,5102,2015-04-12,1518,2236,5100,7,5,4,5102,0,0,0,,0,007,"SOUTH WALTON AV","RICHLAND RD",312.00,S,N,A,-,N,,,,,,,,,,Y,2,0,5,3,A,-,03,22350,,N,C,C,A,A,H,-,A,A,0,,,,,Y,,A,01,1,2,2,0,0,0,0,0,0,"- ","- ",,,SUTTER,"YUBA CITY",-121.64388,39.117333199999997
90009387,2015,2015-10-19,9285,2015-07-12,2232,018632,,7,3,9,5100,0,1,3,,1,051,"STATE ROUTE 99 NORTHBOUND","REED ROAD",701.00,N,N,A,-,Y,,,99,,,,,,N,Y,1,1,0,4,A,-,11,21956,,N,G,B,E,A,H,-,D,D,0,Y,,,,Y,,N,60,0,0,0,1,0,0,0,0,0,"- ","- ",39.085639999999998,-121.63467,SUTTER,UNINCORPORATED,-121.63474468,39.085641529999997
90606258,2017,2017-11-30,9285,2017-11-07,1706,014401,,2,2,9,5100,0,3,5,,1,001,"PLEASANT GROVE RD","SYCAMORE LN",2218.00,S,N,A,-,N,,,,,,,,,,Y,2,0,2,2,A,-,05,21650,,N,A,C,A,A,H,-,B,D,0,,,,,Y,,A,01,1,1,0,0,0,0,0,0,0,"- ","- ",38.831949999999999,-121.48828,SUTTER,UNINCORPORATED,-121.48824795,38.832421199999999
9764986,2025,2025-02-20,5102,2025-01-03,2338,4146,1,5,5,4,5102,0,0,0,,0,001,"COLUSA FRONTAGE RD","HOOPER RD",20.00,E,N,A,-,N,,,,,,,,,,N,2,0,1,2,A,-,09,21804,A,N,D,G,A,A,H,-,D,D,0,,Y,,,Y,,L,04,1,0,0,0,0,0,1,0,0,"- ","- ",,,SUTTER,"YUBA CITY",-121.66706848144531,39.14166259765625
90134074,2016,2016-03-10,9285,2016-03-05,1850,014744,,6,2,9,5100,0,1,3,,1,011,"STATE ROUTE 99","STRIPLIN RD",1056.00,S,N,B,C,Y,,,99,,,,,,,Y,2,0,2,1,A,-,03,22350,,N,F,A,A,B,H,-,D,D,0,,,,,Y,,D,22,1,1,0,0,0,0,0,0,0,"- ","- ",38.861840000000001,-121.55098,SUTTER,UNINCORPORATED,-121.55106357,38.861747919999999
90308008,2016,2016-11-01,9285,2016-10-25,0550,013174,,2,3,9,5100,0,1,3,,2,031,"SR-113 N/B","KNIGHTS RD",400.00,S,N,B,C,Y,,,113,,,,,,N,Y,2,0,1,2,A,-,08,22107,,N,B,C,A,B,H,-,D,D,0,,,,,Y,,A,01,1,0,0,0,0,0,0,0,0,"- ","- ",38.812069999999999,-121.71447000000001,SUTTER,UNINCORPORATED,-121.7144806,38.812071719999999
91943655,2022,2022-12-15,9285,2022-12-07,0955,018632,,3,1,9,5100,0,3,5,,1,001,"RIEGO ROAD","PACIFIC ROAD",663.00,E,N,A,-,N,,,,,,,,,,Y,2,0,2,2,A,-,06,21751,,F,A,C,A,A,H,-,A,D,0,,,,,Y,,A,01,2,0,0,0,0,0,0,0,0,"- ","- ",38.750701904296875,-121.52274322509766,SUTTER,UNINCORPORATED,-121.52286529541016,38.750686645507812
92207541,2023,2023-10-24,9285,2023-10-19,1610,019139,,4,2,9,5100,0,3,5,,1,007,SR-20,"ACACIA AVENUE",4443.00,W,N,A,-,Y,SUT,,20," "," ",8.325,H,,R,N,2,0,2,2,A,-,06,21751,,N,A,C,A,A,H,-,A,D,0,,,,,Y,,A,01,2,0,0,0,0,0,0,0,0,"- ","- ",39.142539978027344,-121.76973724365234,SUTTER,UNINCORPORATED,-121.76973724365234,39.142528533935547
90762545,2018,2018-07-04,9285,2018-06-14,1902,019223,,4,2,9,5100,0,3,5,,1,007,"LIVE OAK BLVD",SR-99,215.00,S,N,A,-,Y,,,,,,,,,,Y,2,0,5,3,A,-,01,23152,A,N,E,I,A,A,H,-,A,A,0,,,,,Y,Y,D,22,2,1,2,0,0,0,0,0,0,"- ","- ",39.217609405517578,-121.64095306396484,SUTTER,UNINCORPORATED,-121.64102172851562,39.217563629150391