CASE_ID,ACCIDENT_YEAR,PROC_DATE,JURIS,COLLISION_DATE,COLLISION_TIME,OFFICER_ID,REPORTING_DISTRICT,DAY_OF_WEEK,CHP_SHIFT,POPULATION,CNTY_CITY_LOC,SPECIAL_COND,BEAT_TYPE,CHP_BEAT_TYPE,CITY_DIVISION_LAPD,CHP_BEAT_CLASS,BEAT_NUMBER,PRIMARY_RD,SECONDARY_RD,DISTANCE,DIRECTION,INTERSECTION,WEATHER_1,WEATHER_2,STATE_HWY_IND,CALTRANS_COUNTY,CALTRANS_DISTRICT,STATE_ROUTE,ROUTE_SUFFIX,POSTMILE_PREFIX,POSTMILE,LOCATION_TYPE,RAMP_INTERSECTION,SIDE_OF_HWY,TOW_AWAY,COLLISION_SEVERITY,NUMBER_KILLED,NUMBER_INJURED,PARTY_COUNT,PRIMARY_COLL_FACTOR,PCF_CODE_OF_VIOL,PCF_VIOL_CATEGORY,PCF_VIOLATION,PCF_VIOL_SUBSECTION,HIT_AND_RUN,TYPE_OF_COLLISION,MVIW,PED_ACTION,ROAD_SURFACE,ROAD_COND_1,ROAD_COND_2,LIGHTING,CONTROL_DEVICE,CHP_ROAD_TYPE,PEDESTRIAN_ACCIDENT,BICYCLE_ACCIDENT,MOTORCYCLE_ACCIDENT,TRUCK_ACCIDENT,NOT_PRIVATE_PROPERTY,ALCOHOL_INVOLVED,STWD_VEHTYPE_AT_FAULT,CHP_VEHTYPE_AT_FAULT,COUNT_SEVERE_INJ,COUNT_VISIBLE_INJ,COUNT_COMPLAINT_PAIN,COUNT_PED_KILLED,COUNT_PED_INJURED,COUNT_BICYCLIST_KILLED,COUNT_BICYCLIST_INJURED,COUNT_MC_KILLED,COUNT_MC_INJURED,PRIMARY_RAMP,SECONDARY_RAMP,LATITUDE,LONGITUDE,COUNTY,CITY,POINT_X,POINT_Y
6956346,2015,2016-10-31,9285,2015-05-13,1544,015069,,3,2,9,5100,0,1,3,,2,031,"RT 113","BAILEY RD",0.00,,Y,A,-,Y,SUT,3,113,-,-,14.773,I,5,S,Y,2,0,5,2,A,-,09,21802,A,N,D,C,A,A,H,-,A,A,0,,,,Y,Y,,A,07,3,0,2,0,0,0,0,0,0,"- ","- ",39.003100000000003,-121.66255,SUTTER,UNINCORPORATED,-121.66268049999999,39.003197030000003
91528864,2021,2021-07-26,9285,2021-07-17,1500,013174,,6,2,9,5100,0,3,5,,1,001,"NICOLAUS AVE","WARREN RD",260.00,S,N,A,-,N,,,,,,,,,,N,2,0,1,2,A,-,11,21954,A,F,G,B,D,A,H,-,A,D,0,Y,,,,Y,,N,60,1,0,0,0,1,0,0,0,0,"- ","- ",38.910060882568359,-121.50736999511719,SUTTER,UNINCORPORATED,-121.50742340087891,38.910144805908203
6581732,2014,2014-08-19,9285,2014-07-09,1525,017118,,3,2,9,5100,0,2,4,,1,052,"GEORGE WASHINGTON BL","LINCOLN RD",1640.00,N,N,A,-,N,,,,,,,,,,N,2,0,1,2,A,-,08,22107,,N,C,G,A,A,H,-,A,D,0,,Y,,,Y,,L,04,1,0,0,0,0,0,1,0,0,"- ","- ",39.119239999999998,-121.67165,SUTTER,UNINCORPORATED,-121.67177186000001,39.117043449999997
8035418,2016,2016-06-10,5102,2016-05-08,1953,4061,5,7,5,4,5102,0,0,0,,0,005,"2ND ST","GARDEN HWY",900.00,S,N,A,-,N,,,,,,,,,,Y,2,0,2,2,A,-,01,23152,A,N,A,G,A,A,H,-,A,D,0,,Y,,,Y,Y,D,22,1,1,0,0,0,0,1,0,0,"- ","- ",39.128480000000003,-121.60194,SUTTER,"YUBA CITY",-121.60307096,39.130457079999999
8938872,2019,2020-01-27,5102,2019-08-19,0722,4077,2,1,5,4,5102,0,0,0,,0,002,"RT 20","WALTON AV",0.00,,Y,A,-,Y,SUT,3,20,-,R,15.094,I,5,E,Y,2,0,2,2,A,-,12,21453,A,N,A,C,A,A,H,-,A,A,0,,,,,Y,,A,07,1,1,0,0,0,0,0,0,0,"- ","- ",,,SUTTER,"YUBA CITY",-121.64400482177734,39.141658782958984
90165727,2016,2016-04-26,9285,2016-04-07,0046,017534,,4,3,9,5100,0,2,4,,1,073,"BUTTE HOUSE ROAD","EAST BUTTE ROAD",2112.00,E,N,A,-,N,,,,,,,,,,Y,2,0,1,1,A,-,08,22107,,N,E,J,A,A,H,-,D,D,0,,,,,Y,,D,22,1,0,0,0,0,0,0,0,0,"- ","- ",39.16628,-121.70912,SUTTER,UNINCORPORATED,-121.70937651,39.166277870000002
91011807,2019,2019-06-17,9285,2019-06-08,2200,019830,,6,3,9,5100,0,1,3,,2,031,SR-113,"EVERGLADE RD",4752.00,S,N,A,-,Y,,,113,,,,,,,Y,2,0,3,1,A,-,03,22350,,N,F,A,A,A,H,-,D,D,0,,,,,Y,Y,D,22,1,2,0,0,0,0,0,0,0,"- ","- ",38.968181610107422,-121.67182159423828,SUTTER,UNINCORPORATED,-121.67208099365234,38.968219757080078
6954411,2015,2015-07-02,5102,2015-05-20,0217,9007,5102,3,5,4,5102,0,0,0,,0,003,"E ONSTOTT FRONTAGE","WASHINGTON AV",229.00,N,N,A,-,N,,,,,,,,,,Y,2,0,2,1,A,-,08,22107,,N,F,I,A,A,H,-,C,A,0,,,,,Y,Y,A,01,1,0,1,0,0,0,0,0,0,"- ","- ",,,SUTTER,"YUBA CITY",-121.63470355,39.149688859999998
8504062,2017,2018-07-09,5102,2017-12-16,0404,4106,2,6,5,4,5102,0,0,0,,0,,"RT 99","BRIDGE ST",30.00,S,N,A,-,Y,SUT,3,99,-,-,30.240,H,-,S,N,2,0,1,2,A,-,00,21461,D,N,G,B,B,A,H,-,C,A,0,Y,,,,Y,,N,60,1,0,0,0,1,0,0,0,0,"- ","- ",,,SUTTER,"YUBA CITY",-121.63468066999999,39.13554603
90066454,2015,2015-12-07,9285,2015-12-02,2143,018522,,3,2,9,5100,0,3,5,,1,003,"KNIGHTS RD","ENSLEY RD",194.00,N,N,A,-,N,,,,,,,,,,Y,2,0,1,1,A,-,03,22350,,N,E,I,A,A,H,-,D,D,0,,,,,Y,,A,07,1,0,0,0,0,0,0,0,0,"- ","- ",38.807960000000001,-121.71380000000001,SUTTER,UNINCORPORATED,-121.71388804999999,38.807495539999998
6292425,2015,2015-08-04,9285,2015-05-19,2240,18340,,2,3,9,5100,0,1,3,,1,072,"RT 20","HAGEMAN RD",1440.00,E,N,A,-,Y,SUT,3,20,-,-,2.990,H,-,E,N,1,1,0,2,D,-,00,,,F,G,B,E,A,H,-,D,D,0,Y,,,,Y,,-,"- ",0,0,0,1,0,0,0,0,0,"- ","- ",39.14302,-121.86524,SUTTER,UNINCORPORATED,-121.86523105000001,39.143052269999998
9419297,2022,2022-05-10,5102,2022-03-23,1312,4077,3,3,5,4,5102,0,0,0,,0,003,"LIVE OAK BL","CASSIDY WY",313.00,N,N,A,-,N,,,,,,,,,,Y,2,0,1,2,A,-,09,21804,A,N,D,C,A,A,H,-,A,D,0,,,Y,Y,Y,,F,26,1,0,0,0,0,0,0,0,1,"- ","- ",,,SUTTER,"YUBA CITY",-121.62097930908203,39.157604217529297
90220071,2016,2016-07-11,9285,2016-06-29,1903,018291,,3,2,9,5100,0,1,3,,1,051,"SR-99 (S/B)","WALNUT AVE",8.00,N,N,A,-,Y,,,99,,,,,,,Y,2,0,1,2,A,-,01,23152,A,F,H,C,A,A,H,-,A,D,0,,,,,Y,Y,A,01,1,0,0,0,0,0,0,0,0,"- ","- ",39.07987,-121.63497,SUTTER,UNINCORPORATED,-121.63494841000001,39.07986992
91040738,2019,2019-07-29,9285,2019-06-29,0022,020096,,6,3,9,5100,0,1,3,,1,011,SR-99,"HOWSLEY RD",0.00,,N,A,-,Y,,,99,,,,,,,Y,2,0,2,1,A,-,03,22350,,F,E,I,A,A,H,-,C,D,0,,,,,Y,,A,01,1,1,0,0,0,0,0,0,0,"- ","- ",38.816009521484375,-121.54459381103516,SUTTER,UNINCORPORATED,-121.54386138916016,38.816013336181641
92059960,2023,2023-05-03,9285,2023-04-10,2320,019139,,1,3,9,5100,0,1,3,,1,011,"SR-99 N/B","W. CATLETT RD",3396.00,N,N,A,-,Y,SUT,,99," "," ",7.682,H,,R,N,1,1,0,2,A,-,11,21954,A,N,G,B,D,A,H,-,C,D,0,Y,,,,Y,,N,60,0,0,0,1,0,0,0,0,0,"- ","- ",38.847129821777344,-121.54360961914062,SUTTER,UNINCORPORATED,-121.54357147216797,38.847129821777344
8066322,2016,2016-06-22,5102,2016-05-24,1612,4073,5,2,5,4,5102,0,0,0,,0,,"LINCOLN RD","BUNCE RD",0.00,W,N,A,-,N,,,,,,,,,,N,2,0,1,2,A,-,21,22106,,N,A,C,A,A,H,-,A,D,0,,,Y,,Y,,C,02,1,0,0,0,0,0,0,0,1,"- ","- ",,,SUTTER,"YUBA CITY",-121.62501996,39.112639950000002
9411265,2022,2022-03-01,5102,2022-01-08,1514,4123,2,6,5,4,5102,0,0,0,,0,002,"N OLIVER DR","FRANKLIN RD",22.00,N,N,A,-,N,,,,,,,,,,N,2,0,2,2,A,-,09,21801,A,N,E,I,A,A,H,-,A,D,0,,,,,Y,,A,07,1,1,0,0,0,0,0,0,0,"- ","- ",,,SUTTER,"YUBA CITY",-121.65149688720703,39.127288818359375
91390398,2021,2021-01-19,9285,2021-01-14,1210,015976,,4,1,9,5100,0,1,3,,1,010,"SR-70 S/B","W CATLETT RD.",1584.00,N,N,B,-,Y,,,,,,,,,,Y,2,0,1,2,A,-,01,23152,A,N,B,C,A,A,H,-,A,D,0,,,,Y,Y,Y,A,01,1,0,0,0,0,0,0,0,0,"- ","- ",38.843101501464844,-121.54402923583984,SUTTER,UNINCORPORATED,,
91700986,2022,2022-02-15,9285,2022-02-06,0025,020070,,7,3,9,5100,0,1,3,,2,031,SR-113,"S. GEORGE WASHINGTON BLVD",30.00,W,N,A,-,Y,SUT,,113,,,14.277,H,,R,Y,2,0,2,1,A,-,01,23152,A,N,E,I,A,A,H,-,D,D,0,,,,,Y,Y,A,01,1,1,0,0,0,0,0,0,0,"- ","- ",39.002540588378906,-121.67166900634766,SUTTER,UNINCORPORATED,-121.67173767089844,39.002578735351562
91895104,2022,2022-10-20,9285,2022-10-11,1136,018632,,2,1,9,5100,0,1,3,,1,011,SR-99,"NICOLAUS AVE",1584.00,N,N,A,-,Y,SUT,,99,,,12.362,H,,R,Y,2,0,2,2,A,-,03,22350,,N,C,C,A,A,H,-,A,D,0,,,,Y,Y,,A,07,1,0,1,0,0,0,0,0,0,"- ","- ",38.903209686279297,-121.5885009765625,SUTTER,UNINCORPORATED,-121.58855438232422,38.903175354003906
8170216,2016,2017-03-01,5100,2016-10-13,1947,5082,LOCA2,4,5,2,5101,0,0,0,,0,02A,"RT 99","MYRTLE ST",155.00,S,N,B,-,Y,SUT,3,99,-,-,40.550,H,-,N,N,2,0,1,2,A,-,11,21954,A,N,G,B,D,A,H,-,D,D,0,Y,,,,Y,Y,N,60,1,0,0,0,1,0,0,0,0,"- ","- ",,,SUTTER,"LIVE OAK",-121.66129456,39.28039484
9192515,2020,2021-01-19,5102,2020-12-06,1146,4121,2,7,5,4,5102,0,0,0,,0,5102,"RT 99","BRIDGE ST",0.00,,Y,A,-,Y,SUT,3,99,-,-,30.030,I,5,N,Y,2,0,1,1,A,-,21,22106,,N,F,A,A,A,H,-,A,A,0,,,Y,,Y,,C,02,1,0,0,0,0,0,0,0,1,"- ","- ",,,SUTTER,"YUBA CITY",-121.63445281982422,39.132408142089844
91681557,2022,2022-01-20,9285,2022-01-15,0705,019085,,6,1,9,5100,0,1,3,,1,072,"RT 20","W. BUTTE RD",586.00,W,N,E,-,Y,SUT,,20,,,5.046,H,,R,Y,1,1,0,2,A,-,08,22107,,N,A,C,A,A,H,-,B,D,0,,,,,Y,,A,01,0,0,0,0,0,0,0,0,0,"- ","- ",39.147701263427734,-121.82839202880859,SUTTER,UNINCORPORATED,-121.82839202880859,39.147705078125
91787092,2022,2022-06-02,9285,2022-05-29,1755,020070,,7,2,9,5100,0,1,3,,1,051,"SR-99 NORTHBOUND",SR-113,500.00,N,N,A,-,Y,SUT,,99,,R,20.148,H,,R,Y,2,0,2,1,A,-,08,22107,,N,E,I,A,A,H,-,A,D,0,,,,,Y,,D,22,1,1,0,0,0,0,0,0,0,"- ","- ",39.004600524902344,-121.63226318359375,SUTTER,UNINCORPORATED,-121.63215637207031,39.004646301269531
92410152,2024,2024-06-10,9285,2024-06-01,2145,023093,,6,2,9,5100,0,3,5,,1,001,"PLEASANT GROVE RD","KEYS RD",150.00,N,N,A,-,N,,,,,,,,,,Y,2,0,1,1,A,-,03,22350,,N,E,I,A,A,H,-,D,D,0,,,Y,,Y,,C,02,1,0,0,0,0,0,0,0,1,"- ","- ",38.795558929443359,-121.48372650146484,SUTTER,UNINCORPORATED,-121.48796844482422,38.794658660888672
94410003,2024,2024-09-26,9285,2024-09-23,1710,021599,,1,2,9,5100,0,3,5,,1,001,"PLEASANT GROVE RD","NICOLAUS RD",1056.00,N,N,A,-,N,,,,,,,,,,Y,2,0,2,1,A,-,08,22107,,N,E,I,A,A,H,-,A,D,0,,,,,Y,,A,07,1,0,1,0,0,0,0,0,0,"- ","- ",38.910499572753906,-121.48771667480469,SUTTER,UNINCORPORATED,-121.48776245117188,38.910488128662109
6887267,2015,2015-05-20,9285,2015-03-25,0756,015976,,3,1,9,5100,0,2,4,,1,052,"FRANKLIN RD","GEORGE WASHINGTON BL",0.00,,Y,A,-,N,,,,,,,,,,Y,2,0,1,2,A,-,12,22450,,N,D,C,A,A,H,-,A,A,0,,,Y,Y,Y,,C,02,1,0,0,0,0,0,0,0,1,"- ","- ",39.126899999999999,-121.67202,SUTTER,UNINCORPORATED,-121.67190994000001,39.127099979999997
9427304,2022,2022-04-20,5102,2022-03-11,2247,4073,4,5,5,4,5102,0,0,0,,0,004,"BRIDGE ST","PLUMAS ST",11.00,E,N,A,-,N,,,,,,,,,,Y,2,0,1,2,A,-,11,21461,5,N,G,B,B,A,H,-,A,A,0,Y,,,,Y,,N,60,1,0,0,0,1,0,0,0,0,"- ","- ",,,SUTTER,"YUBA CITY",-121.61522674560547,39.135414123535156
9829790,2025,2025-07-18,5102,2025-06-24,1622,4073,1,2,5,4,5102,0,0,0,,0,001,"EL MARGARITA RD","IMPERIAL WY",446.00,N,N,A,-,N,,,,,,,,,,Y,2,0,1,2,A,-,21,22106,,N,A,J,A,A,H,-,A,D,0,,,,,Y,,M,94,1,0,0,0,0,0,0,0,0,"- ","- ",,,SUTTER,"YUBA CITY",-121.66238403320312,39.131633758544922
9104015,2020,2020-12-15,5102,2020-04-16,1447,4090,2,4,5,4,5102,0,0,0,,0,002,"RT 99","SUNSWEET BL",0.00,,Y,A,-,Y,SUT,3,99,-,-,30.252,I,5,N,Y,2,0,1,2,A,-,09,21453,C,N,D,C,A,A,H,-,A,A,0,,,Y,,Y,,A,07,1,0,0,0,0,0,0,0,1,"- ","- ",,,SUTTER,"YUBA CITY",-121.63451385498047,39.135734558105469
91053372,2019,2019-11-20,9285,2019-08-01,0816,015491,,4,1,9,5100,0,1,3,,1,072,"STATE ROUTE 20","WEST BUTTE ROAD",1070.00,W,N,A,-,Y,,,20,,,,,,,Y,1,2,0,2,A,-,06,21751,,N,A,C,A,A,H,-,A,D,0,,,,Y,Y,,A,01,0,0,0,0,0,0,0,0,0,"- ","- ",39.147239685058594,-121.82991027832031,SUTTER,UNINCORPORATED,-121.82992553710938,39.14727783203125
91991718,2023,2023-02-10,9285,2023-02-02,1910,021154,,4,2,9,5100,0,1,3,,1,011,"SR-99 N/B","POWERLINE RD.",3038.00,S,N,A,-,Y,SUT,,99," "," ",10.220,H,,R,Y,2,0,1,2,A,-,01,23152,A,N,C,C,A,A,H,-,D,D,0,,,,,Y,Y,A,01,1,0,0,0,0,0,0,0,0,"- ","- ",38.878250122070312,-121.56433868408203,SUTTER,UNINCORPORATED,-121.5643310546875,38.878253936767578
91127337,2019,2019-11-22,9285,2019-11-05,1416,019223,,2,2,9,5100,0,1,3,,1,011,"SR-99 S/B FROM RIEGO RD W/B","RIEGO RD",22.00,N,N,A,-,Y,,,99,,,,R,,S,Y,2,0,1,1,A,-,03,22350,,N,F,A,A,A,H,-,A,D,0,,,Y,,Y,,C,02,1,0,0,0,0,0,0,0,1,"- ","- ",38.75054931640625,-121.54203033447266,SUTTER,UNINCORPORATED,-121.54203033447266,38.75054931640625
92179640,2023,2023-09-26,9285,2023-09-16,2155,021154,,6,2,9,5100,0,1,3,,1,051,SR-99,"WALNUT AVE",0.00,,Y,A,-,Y,SUT,,99," "," ",26.367,H,,R,Y,2,0,3,2,A,-,01,23152,A,F,A,C,A,A,H,-,D,A,0,,,,,Y,,D,22,1,2,0,0,0,0,0,0,0,"- ","- ",39.079891204833984,-121.63493347167969,SUTTER,UNINCORPORATED,-121.63481903076172,39.079891204833984
8342871,2017,2017-04-12,5102,2017-02-17,1127,4069,3,5,5,4,5102,0,0,0,,0,003,"LIVE OAK BL","DOWNIE ST",0.00,,Y,A,-,N,,,,,,,,,,N,2,0,1,2,A,-,09,21801,A,F,D,C,A,A,H,-,C,D,0,,,,,Y,,A,01,1,0,0,0,0,0,0,0,0,"- ","- ",39.153460000000003,-121.62056,SUTTER,"YUBA CITY",-121.6205799,39.153389930000003
8374901,2017,2018-05-08,5100,2017-03-05,1613,5132,LIVE,7,5,2,5101,0,0,0,,0,001,"RT 99","ELM ST",4.00,S,N,A,-,N,,,,,,,,,,N,2,0,1,2,A,-,09,21801,A,N,H,G,A,A,H,-,A,A,0,,Y,,,Y,,D,22,1,0,0,0,0,0,1,0,0,"- ","- ",,,SUTTER,"LIVE OAK",-121.66062731,39.273389219999999
9107087,2020,2020-11-24,5102,2020-08-21,1730,4105,2,5,5,4,5102,0,0,0,,0,002,"RT 20","CLARK AV",8.00,E,N,A,-,Y,SUT,3,20,-,-,16.060,I,5,W,N,2,0,2,2,A,-,17,21208,A,N,A,G,A,A,H,-,A,A,0,,Y,,,Y,Y,L,04,1,1,0,0,0,0,2,0,0,"- ","- ",,,SUTTER,"YUBA CITY",-121.62569427490234,39.141708374023438
90783091,2018,2018-08-02,9285,2018-07-10,0715,017900,,2,1,9,5100,0,2,4,,1,052,"GARDEN HIGHWAY","OBANION ROAD",1500.00,S,N,A,-,N,,,,,,,,,,Y,2,0,2,2,A,-,03,22350,,N,C,C,A,A,G,-,A,D,0,,,,,Y,,A,01,1,0,1,0,0,0,0,0,0,"- ","- ",39.024391174316406,-121.61717987060547,SUTTER,UNINCORPORATED,-121.61712646484375,39.021751403808594
91520431,2021,2022-03-24,9285,2021-07-06,1437,018475,,2,2,9,5100,0,1,3,,1,072,SR-20,"WADSWORTH CANAL EAST BRIDGE EDGE",169.00,W,N,A,-,Y,,,20,,,,,,,Y,1,2,1,3,A,-,03,22350,,N,C,C,A,A,H,-,A,D,0,,,,Y,Y,,D,22,0,0,1,0,0,0,0,0,0,"- ","- ",39.14215087890625,-121.74292755126953,SUTTER,UNINCORPORATED,-121.74292755126953,39.142162322998047
92602418,2024,2024-07-25,9285,2024-07-23,1915,016343,,2,2,9,5100,0,1,3,,1,071,SR-99,"LIVE OAK BLVD.",1312.00,S,N,A,-,Y,SUT,,99," ",T,35.739,H,,R,N,2,0,1,2,A,-,01,23152,A,N,B,C,A,A,H,-,A,D,0,,,,Y,Y,Y,A,01,1,0,0,0,0,0,0,0,0,"- ","- ",39.21514892578125,-121.64183807373047,SUTTER,UNINCORPORATED,-121.64182281494141,39.215156555175781
92235716,2023,2023-11-14,9285,2023-11-06,"230 ",021012,,1,3,9,5100,0,2,4,,1,052,"GARDEN HIGHWAY","BARRY ROAD",2112.00,S,N,B,-,N,,,,,,,,,,Y,1,1,0,1,A,-,08,22107,,N,E,8,A,B,H,-,D,D,0,,,,,Y,,A,01,0,0,0,0,0,0,0,0,0,"- ","- ",39.072120666503906,-121.60758209228516,SUTTER,UNINCORPORATED,-121.60791778564453,39.071399688720703
6838031,2014,2015-03-07,5102,2014-11-05,2017,,,3,5,4,5102,0,0,0,,0,,"CLARK AV","AINSLEY AV",75.00,S,N,A,-,N,,,,,,,,,,Y,2,0,1,1,A,-,03,22350,,N,E,I,A,A,H,-,C,A,0,,,Y,,Y,,C,02,1,0,0,0,0,0,0,0,1,"- ","- ",39.143709999999999,-121.62584,SUTTER,"YUBA CITY",-121.62584142,39.143796819999999
6290155,2014,2014-03-17,5102,2014-03-01,0530,T9008,SUTTE,6,5,4,5102,0,0,0,,0,001,"RT 20","WESTERN PKWY",2000.00,E,N,B,-,Y,SUT,3,20,-,-,13.450,H,-,W,N,1,1,0,2,A,-,11,21956,,N,G,B,E,B,H,-,D,D,0,Y,,,,Y,Y,N,60,0,0,0,1,0,0,0,0,0,"- ","- ",,,SUTTER,"YUBA CITY",-121.67454035999999,39.141456359999999
6290180,2014,2015-12-21,9285,2014-01-13,0815,14401,,1,1,9,5100,0,1,3,,1,011,"RT 99","SACRAMENTO AV",3274.00,S,N,A,-,Y,SUT,3,99,-,-,13.070,H,-,S,Y,1,1,2,2,A,-,05,21460,A,N,B,C,A,A,D,H,A,D,0,,,,Y,Y,,E,22,1,1,0,0,0,0,0,0,0,"- ","- ",38.9101,-121.59665,SUTTER,UNINCORPORATED,-121.59760660000001,38.910705900000004
6290592,2014,2015-12-21,9285,2014-03-03,1200,13966,,1,1,9,5100,0,1,3,,1,071,"RT 99","KENT AV",640.00,S,N,B,C,Y,SUT,3,99,-,T,36.070,H,-,N,Y,1,1,1,2,A,-,09,21804,A,N,D,C,A,B,H,-,A,D,1,,,,,Y,,D,22,0,1,0,0,0,0,0,0,0,"- ","- ",39.219329999999999,-121.64096000000001,SUTTER,UNINCORPORATED,-121.64098085000001,39.219389239999998
6292542,2015,2015-08-28,5102,2015-05-28,1844,4095,5102,4,5,4,5102,0,0,0,,0,002,"FRANKLIN RD","FRANKLIN RD 1781",0.00,,N,A,-,N,,,,,,,,,,Y,1,1,2,4,D,-,00,,,N,B,C,E,A,H,-,A,D,0,Y,,,,Y,,-,"- ",1,1,0,1,0,0,0,0,0,"- ","- ",,,SUTTER,"YUBA CITY",-121.64832473,39.127291560000003
6337493,2014,2014-06-06,5102,2014-01-11,2311,4088,5102,6,5,4,5102,0,0,0,,0,002,"BUTTE HOUSE RD","STABLER LN",200.00,W,N,A,-,N,,,,,,,,,,Y,2,0,1,1,A,-,05,21650,,N,F,J,A,B,H,-,C,D,0,,,,,Y,,A,01,1,0,0,0,0,0,0,0,0,"- ","- ",,,SUTTER,"YUBA CITY",-121.64463415,39.148214950000003
6356770,2014,2014-06-05,9285,2014-01-25,2115,18981,,6,2,9,5100,0,3,5,,1,007,"PASS RD","MARTY RD",870.00,W,N,A,-,N,,,,,,,,,,Y,2,0,1,1,A,-,01,23152,A,N,E,I,A,A,H,-,D,D,0,,,,,Y,Y,D,22,1,0,0,0,0,0,0,0,0,"- ","- ",39.187240000000003,-121.93873000000001,SUTTER,UNINCORPORATED,-121.93488000000001,39.187179999999998
6473060,2014,2016-03-28,9285,2014-04-01,0245,017080,,2,3,9,5100,0,1,3,,1,072,"RT 20","LYTLE RD",0.00,,Y,B,C,Y,SUT,3,20,-,-,11.370,I,5,E,Y,2,0,1,2,A,-,07,21658,A,N,C,C,A,B,H,-,C,D,0,,,,Y,Y,,G,25,1,0,0,0,0,0,0,0,0,"- ","- ",39.141570000000002,-121.71353000000001,SUTTER,UNINCORPORATED,-121.71326006,39.141625390000002
6513448,2014,2016-03-26,9285,2014-06-03,2100,19168,,2,2,9,5100,0,1,3,,1,010,"RT 70","KEMPTON RD",6336.00,S,N,A,-,Y,SUT,3,70,-,-,5.850,H,-,W,Y,2,0,4,2,A,-,01,23152,E,N,A,C,A,A,H,-,B,D,0,,,,,Y,,A,01,2,0,2,0,0,0,0,0,0,"- ","- ",38.937370000000001,-121.54376000000001,SUTTER,UNINCORPORATED,-121.54400443,38.936770770000003
6540379,2014,2014-08-16,9285,2014-06-20,0855,014825,,5,1,9,5100,0,2,4,,1,052,"HUTCHINSON RD","RT 99",1056.00,W,N,A,-,N,,,,,,,,,,Y,2,0,1,2,A,-,08,22107,,N,E,I,A,A,H,-,A,D,0,,,,,Y,,D,22,1,0,0,0,0,0,0,0,0,"- ","- ",39.039819999999999,-121.64193,SUTTER,UNINCORPORATED,-121.63845852999999,39.039876249999999
6545533,2014,2016-03-28,5102,2014-06-02,1654,4060,5102,1,5,4,5102,0,0,0,,0,003,"RT 20","LIVE OAK BL",0.00,,Y,A,-,Y,SUT,3,20,-,-,16.330,I,5,E,Y,2,0,3,3,A,-,01,23152,A,F,F,C,A,A,H,-,A,A,0,,,,,Y,Y,A,07,1,1,1,0,0,0,0,0,0,"- ","- ",,,SUTTER,"YUBA CITY",-121.6207727,39.14124589
6624569,2014,2014-09-30,5102,2014-09-10,1729,9002,5102,3,5,4,5102,0,0,0,,0,004,"SCOTT ST","WALNUT ST",250.00,E,N,A,-,N,,,,,,,,,,N,2,0,1,2,A,-,11,21954,A,N,D,B,D,A,H,-,A,D,0,Y,,,,Y,,N,60,1,0,0,0,1,0,0,0,0,"- ","- ",,,SUTTER,"YUBA CITY",-121.61684870000001,39.136324170000002
6691690,2014,2016-05-06,9285,2014-09-26,0628,015048,,5,1,9,5100,0,1,3,,2,031,"RT 113","SEYMOUR RD",332.00,S,N,E,-,Y,SUT,3,113,-,-,5.480,H,-,N,Y,2,0,2,3,A,-,06,21751,,N,A,C,A,A,H,-,B,D,0,,,Y,,Y,,A,01,1,1,0,0,0,0,0,0,1,"- ","- ",38.878889999999998,-121.70449000000001,SUTTER,UNINCORPORATED,-121.70452478999999,38.878901050000003
6702386,2014,2016-07-07,9285,2014-10-09,2030,018475,,4,2,9,5100,0,1,3,,1,071,"RT 99","JAMIE DR",1590.00,N,N,A,-,Y,SUT,3,99,-,R,32.270,H,-,N,Y,2,0,2,3,A,-,03,22350,,N,B,C,A,A,H,-,C,D,1,,,,,Y,,A,07,1,0,1,0,0,0,0,0,0,"- ","- ",39.165939999999999,-121.63518999999999,SUTTER,UNINCORPORATED,-121.63510796,39.165545090000002
6707437,2014,2014-11-19,5100,2014-09-17,0744,5070,LOCA3,3,5,2,5101,0,0,0,,0,02A,"P ST","FIR ST",0.00,,Y,A,-,N,,,,,,,,,,N,2,0,1,2,A,-,10,21950,A,N,G,B,B,A,H,-,A,D,0,Y,,,,Y,,A,01,1,0,0,0,1,0,0,0,0,"- ","- ",,,SUTTER,"LIVE OAK",-121.66618993,39.274059950000002
6718549,2014,2015-06-17,9285,2014-05-28,0721,13174,9285,3,1,9,5100,0,3,5,,1,001,"RIEGO RD","RT 99",488.00,E,N,A,-,N,,,,,,,,,,Y,1,1,0,2,A,-,09,21801,A,N,D,C,A,A,D,-,A,D,0,,,Y,,Y,,D,22,0,0,0,0,0,0,0,1,0,"- ","- ",38.749879999999997,-121.53852000000001,SUTTER,UNINCORPORATED,-121.54040000000001,38.750500000000002
6727774,2014,2015-01-14,5102,2014-11-20,1720,4045,5102,4,5,4,5102,0,0,0,,0,002,"FRANKLIN RD","LITTLE JOHN",200.00,E,N,B,C,N,,,,,,,,,,N,2,0,1,2,A,-,11,21954,A,N,G,B,D,B,H,-,D,D,0,Y,,,,Y,,N,60,1,0,0,0,1,0,0,0,0,"- ","- ",,,SUTTER,"YUBA CITY",-121.63848486000001,39.127310000000001