CASE_ID,ACCIDENT_YEAR,PROC_DATE,JURIS,COLLISION_DATE,COLLISION_TIME,OFFICER_ID,REPORTING_DISTRICT,DAY_OF_WEEK,CHP_SHIFT,POPULATION,CNTY_CITY_LOC,SPECIAL_COND,BEAT_TYPE,CHP_BEAT_TYPE,CITY_DIVISION_LAPD,CHP_BEAT_CLASS,BEAT_NUMBER,PRIMARY_RD,SECONDARY_RD,DISTANCE,DIRECTION,INTERSECTION,WEATHER_1,WEATHER_2,STATE_HWY_IND,CALTRANS_COUNTY,CALTRANS_DISTRICT,STATE_ROUTE,ROUTE_SUFFIX,POSTMILE_PREFIX,POSTMILE,LOCATION_TYPE,RAMP_INTERSECTION,SIDE_OF_HWY,TOW_AWAY,COLLISION_SEVERITY,NUMBER_KILLED,NUMBER_INJURED,PARTY_COUNT,PRIMARY_COLL_FACTOR,PCF_CODE_OF_VIOL,PCF_VIOL_CATEGORY,PCF_VIOLATION,PCF_VIOL_SUBSECTION,HIT_AND_RUN,TYPE_OF_COLLISION,MVIW,PED_ACTION,ROAD_SURFACE,ROAD_COND_1,ROAD_COND_2,LIGHTING,CONTROL_DEVICE,CHP_ROAD_TYPE,PEDESTRIAN_ACCIDENT,BICYCLE_ACCIDENT,MOTORCYCLE_ACCIDENT,TRUCK_ACCIDENT,NOT_PRIVATE_PROPERTY,ALCOHOL_INVOLVED,STWD_VEHTYPE_AT_FAULT,CHP_VEHTYPE_AT_FAULT,COUNT_SEVERE_INJ,COUNT_VISIBLE_INJ,COUNT_COMPLAINT_PAIN,COUNT_PED_KILLED,COUNT_PED_INJURED,COUNT_BICYCLIST_KILLED,COUNT_BICYCLIST_INJURED,COUNT_MC_KILLED,COUNT_MC_INJURED,PRIMARY_RAMP,SECONDARY_RAMP,LATITUDE,LONGITUDE,COUNTY,CITY,POINT_X,POINT_Y
6789868,2014,2015-02-12,5102,2014-12-16,1738,4079,5102,2,5,4,5102,0,0,0,,0,002,"N WALTON AV","SUNSWEET BL",350.00,N,N,C,-,N,,,,,,,,,,Y,2,0,1,2,A,-,09,21802,A,N,D,G,A,B,H,-,D,D,0,,Y,,,Y,Y,L,04,1,0,0,0,0,0,1,0,0,"- ","- ",,,SUTTER,"YUBA CITY",-121.64391000000001,39.135591150000003
6818003,2015,2015-03-04,5102,2015-01-16,1306,4069,5102,5,5,4,5102,0,0,0,,0,001,"E ONSTOTT FRONTAGE RD","QUEENS AV",75.00,N,N,C,-,N,,,,,,,,,,N,2,0,1,1,A,-,03,22350,,N,F,J,A,B,H,-,A,D,0,,,Y,,Y,,C,02,1,0,0,0,0,0,0,0,1,"- ","- ",,,SUTTER,"YUBA CITY",-121.63418646,39.151861750000002
6854724,2015,2015-07-16,9285,2015-06-02,0308,19168,,2,3,9,5100,0,1,3,,1,051,"RT 99","RICHLAND RD",426.00,N,N,A,-,Y,SUT,3,99,-,-,29.120,H,-,N,Y,1,1,0,2,A,-,11,21954,A,N,G,B,E,A,H,-,D,D,5,Y,,,,Y,,N,60,0,0,0,1,0,0,0,0,0,"- ","- ",39.119570000000003,-121.63455999999999,SUTTER,UNINCORPORATED,-121.634576,39.11943385
6869908,2015,2015-04-15,5102,2015-02-16,0636,5109,97,1,5,4,5102,0,0,0,,0,007,"GERMAINE DR","AUGUSTA LN",0.00,,Y,A,-,N,,,,,,,,,,N,2,0,1,2,A,-,10,21950,A,F,G,B,B,A,H,-,B,D,0,Y,,,,Y,,-,,1,0,0,0,1,0,0,0,0,"- ","- ",,,SUTTER,"YUBA CITY",-121.64728997,39.104259949999999
6943911,2015,2016-11-07,5100,2015-05-15,1340,2091,LOCA3,5,5,2,5101,0,0,0,,0,02A,"RT 99","ELM ST",195.00,N,N,A,-,Y,SUT,3,99,-,-,40.100,H,-,S,Y,2,0,1,2,A,-,06,21755,,N,D,C,A,A,H,-,A,A,0,,,Y,,Y,,C,02,1,0,0,0,0,0,0,0,1,"- ","- ",,,SUTTER,"LIVE OAK",-121.66075259,39.273955020000002
6949111,2015,2015-07-03,9285,2015-04-20,2030,019144,,1,2,9,5100,0,3,5,,1,007,"ACACIA AV","MARSHALL ST",1056.00,S,N,A,-,N,,,,,,,,,,Y,2,0,1,2,A,-,03,22350,,N,C,C,A,A,H,-,D,D,0,,,Y,,Y,,C,02,1,0,0,0,0,0,0,0,1,"- ","- ",39.152430000000003,-121.75387000000001,SUTTER,UNINCORPORATED,-121.75384465,39.152130229999997
6957924,2015,2015-06-29,5102,2015-05-12,1527,4058,5102,2,5,4,5102,0,0,0,,0,005,"GARDEN HWY","CENTRAL AV",110.00,W,N,A,-,N,,,,,,,,,,Y,2,0,3,2,A,-,08,22107,,N,A,C,A,A,H,-,A,D,0,,,,,Y,,A,01,1,2,0,0,0,0,0,0,0,"- ","- ",,,SUTTER,"YUBA CITY",-121.60986558,39.124840659999997
6958223,2015,2016-10-31,9285,2015-04-28,2220,019144,,2,3,9,5100,0,1,3,,2,031,"RT 113","SUBACCO RD",4752.00,N,N,A,-,Y,SUT,3,113,-,-,9.560,H,-,S,Y,2,0,1,1,A,-,08,22107,,N,A,I,A,A,H,-,D,D,0,,,,,Y,,A,01,1,0,0,0,0,0,0,0,0,"- ","- ",38.933079999999997,-121.68415,SUTTER,UNINCORPORATED,-121.68321896,38.935324059999999
6962149,2015,2015-06-24,9285,2015-05-07,0615,15048,,4,1,9,5100,0,2,4,,1,052,"MESSICK RD","GARDEN HWY",0.00,,Y,B,-,N,,,,,,,,,,Y,2,0,3,2,A,-,09,21802,A,N,D,C,A,A,H,-,A,A,0,,,,,Y,,A,01,1,0,2,0,0,0,0,0,0,"- ","- ",39.051549999999999,-121.61573,SUTTER,UNINCORPORATED,-121.61580988999999,39.051479970000003
6975622,2015,2015-07-06,5102,2015-06-16,1539,4079,5102,2,5,4,5102,0,0,0,,0,002,"OJI WY","BRIDGE ST",230.00,S,N,A,-,N,,,,,,,,,,Y,2,0,1,2,A,-,11,21953,,N,D,B,D,A,H,-,A,D,0,Y,,,,Y,,N,60,1,0,0,0,1,0,0,0,0,"- ","- ",,,SUTTER,"YUBA CITY",-121.63689524999999,39.1317387
6979919,2015,2015-07-11,9285,2015-05-28,0920,15048,,4,1,9,5100,0,3,5,,1,001,"RIEGO RD","PACIFIC AV",3696.00,E,N,A,-,N,,,,,,,,,,Y,2,0,1,1,A,-,08,22107,,N,E,I,A,A,H,-,A,D,0,,,,,Y,,A,01,1,0,0,0,0,0,0,0,0,"- ","- ",38.751159999999999,-121.51173,SUTTER,UNINCORPORATED,-121.51223229,38.75089054
7028046,2015,2015-10-13,5102,2015-09-24,1438,4079,5102,4,5,4,5102,0,0,0,,0,003,"LOREL WY","LIVE OAK BL",0.00,,Y,A,-,N,,,,,,,,,,N,2,0,1,2,A,-,10,21950,A,F,D,G,A,A,H,-,A,D,0,,Y,,,Y,Y,D,22,1,0,0,0,0,0,1,0,0,"- ","- ",,,SUTTER,"YUBA CITY",-121.62015984999999,39.15508999
7030819,2015,2017-01-13,5102,2015-07-27,1730,4089,,1,5,4,5102,0,0,0,,0,004,"RT 20","N GEORGE WASHINGTON BL",35.00,W,N,A,-,Y,SUT,3,20,-,-,13.590,H,-,E,Y,2,0,6,3,A,-,03,22350,,N,C,C,A,A,H,-,A,A,0,,,,,Y,,A,01,3,1,2,0,0,0,0,0,0,"- ","- ",,,SUTTER,"YUBA CITY",-121.67189241,39.141339840000001
7039416,2015,2015-09-11,5102,2015-08-14,1530,486,5102,5,5,4,5102,0,0,0,,0,004,"BRIDGE ST","BENNETT WY",30.00,E,N,A,-,N,,,,,,,,,,N,2,0,1,2,A,-,08,22107,,N,A,G,A,A,H,-,A,D,0,,Y,,,Y,Y,L,04,1,0,0,0,0,0,1,0,0,"- ","- ",,,SUTTER,"YUBA CITY",-121.61741378000001,39.134634230000003
7045653,2015,2015-09-28,5102,2015-08-24,2100,485,5102,1,5,4,5102,0,0,0,,0,004,"BRIDGE ST","BOYD ST",133.00,W,N,A,-,N,,,,,,,,,,Y,2,0,2,2,A,-,01,23152,A,N,A,C,A,A,H,-,C,D,0,,,,,Y,Y,A,07,1,0,1,0,0,0,0,0,0,"- ","- ",,,SUTTER,"YUBA CITY",-121.61149546,39.136716360000001
7093540,2015,2015-11-03,5102,2015-10-03,1325,4072,5102,6,5,4,5102,0,0,0,,0,005,"GARDEN HWY","TEESDALE RD",9.00,S,N,A,-,N,,,,,,,,,,Y,2,0,1,2,A,-,11,21456,B,N,G,B,B,A,H,-,A,B,0,Y,,,,Y,,N,60,1,0,0,0,1,0,0,0,0,"- ","- ",,,SUTTER,"YUBA CITY",-121.61676654,39.107535429999999
7117402,2015,2015-11-23,5102,2015-11-01,1046,4089,5102,7,5,4,5102,0,0,0,,0,004,"5TH ST BR","SHASTA ST",1582.00,E,N,C,-,N,,,,,,,,,,Y,2,0,1,2,A,-,03,22350,,N,C,C,A,B,H,-,A,D,0,,,,,Y,,A,01,1,0,0,0,0,0,0,0,0,"- ","- ",,,SUTTER,"YUBA CITY",-121.60859137999999,39.137774110000002
7190151,2016,2016-05-05,5102,2016-02-28,1845,2154,90,7,5,4,5102,0,0,0,,0,007,"LINCOLN RD","MESA VERDE",0.00,W,N,A,-,N,,,,,,,,,,Y,1,1,1,2,A,-,05,21460,A,N,A,C,A,A,H,-,C,D,0,,,,,Y,,A,,1,0,0,0,0,0,0,0,0,"- ","- ",,,SUTTER,"YUBA CITY",-121.64245993,39.112739929999996
7200030,2017,2018-03-08,5102,2017-03-12,1150,4073,1,7,5,4,5102,0,0,0,,0,,"N WALTON AV","RT 20",490.00,S,N,A,-,N,,,,,,,,,,Y,1,1,1,2,A,-,08,22102,,N,D,C,A,A,H,-,A,D,0,,,Y,,Y,,A,07,0,1,0,0,0,0,0,1,0,"- ","- ",,,SUTTER,"YUBA CITY",-121.64391000000001,39.140374399999999
7204738,2016,2016-03-11,5102,2016-01-12,1733,4083,5102,2,5,4,5102,0,0,0,,0,003,"GRAY AV","FORBES AV",53.00,W,N,A,-,N,,,,,,,,,,Y,2,0,1,2,D,-,00,,,N,G,B,D,A,H,-,C,D,0,Y,,,,Y,Y,-,"- ",1,0,0,0,1,0,0,0,0,"- ","- ",,,SUTTER,"YUBA CITY",-121.6301,39.138030000000001
7208173,2016,2016-03-21,5102,2016-03-01,1630,4022,5102,2,5,4,5102,0,0,0,,0,004,"B ST","CLARK AV",0.00,,Y,B,-,N,,,,,,,,,,Y,2,0,1,2,A,-,09,21804,A,N,D,G,A,A,H,-,A,A,0,,Y,,,Y,,L,04,1,0,0,0,0,0,1,0,0,"- ","- ",,,SUTTER,"YUBA CITY",-121.62503992000001,39.129909929999997
8098696,2016,2016-08-08,5102,2016-07-20,0625,9012,3,3,5,4,5102,0,0,0,,0,5102,"DEL NORTE AV","SHASTA ST",126.00,E,N,A,-,N,,,,,,,,,,Y,2,0,1,2,A,-,05,21650,1,N,A,G,A,A,H,-,A,D,0,,Y,,,Y,,L,04,1,0,0,0,0,0,1,0,0,"- ","- ",,,SUTTER,"YUBA CITY",-121.61563484,39.145072069999998
8118703,2016,2016-11-04,5102,2016-08-05,0534,5104,97,5,5,4,5102,0,0,0,,0,007,"SANBORN RD","NAND DR",136.00,N,N,A,-,N,,,,,,,,,,N,2,0,1,2,A,-,11,21954,A,N,A,B,D,A,H,-,C,D,0,Y,,Y,,Y,,N,60,1,0,0,0,1,0,0,0,0,"- ","- ",,,SUTTER,"YUBA CITY",-121.65528849,39.101843420000002
8119862,2016,2016-09-20,5102,2016-08-24,1713,9013,1,3,5,4,5102,0,0,0,,0,001,"N WALTON AV","WALTON AV 900",16.00,W,N,A,-,N,,,,,,,,,,N,2,0,1,2,A,-,11,21950,B,N,G,B,B,A,H,-,A,A,0,Y,,,,Y,,N,60,1,0,0,0,1,0,0,0,0,"- ","- ",39.138069999999999,-121.64398,SUTTER,"YUBA CITY",,
8152361,2016,2016-12-28,5102,2016-09-23,0921,4091,3,5,5,4,5102,0,0,0,,0,003,"NORTHRIDGE DR","CLARK AV",0.00,,Y,A,-,N,,,,,,,,,,Y,2,0,1,1,D,-,00,,,N,E,I,A,A,H,-,C,D,0,,,,,Y,,-,"- ",1,0,0,0,0,0,0,0,0,"- ","- ",,,SUTTER,"YUBA CITY",-121.62704986999999,39.163229960000002
8157380,2016,2016-11-03,5102,2016-10-12,1342,4101,4,3,5,4,5102,0,0,0,,0,004,"MAIN ST","ORCHARD WY",0.00,,Y,A,-,N,,,,,,,,,,Y,2,0,1,1,A,-,03,22350,,N,E,I,A,A,H,-,A,D,0,,,,,Y,,A,01,1,0,0,0,0,0,0,0,0,"- ","- ",,,SUTTER,"YUBA CITY",-121.61712987999999,39.123269890000003
8330156,2016,2017-03-30,5102,2016-12-24,1256,4100,5,6,5,4,5102,0,0,0,,0,005,"TEESDALE AV","GARDENSIDE WY",0.00,,Y,A,-,N,,,,,,,,,,N,2,0,1,2,A,-,08,22107,,F,G,J,A,A,H,-,B,A,0,,Y,,,Y,,-,,1,0,0,0,0,0,1,0,0,"- ","- ",39.107570000000003,-121.61669000000001,SUTTER,"YUBA CITY",-121.6167705,39.107556000000002
8354466,2017,2017-05-05,5102,2017-04-16,1238,9009,4,7,5,4,5102,0,0,0,,0,004,"TWIN CITIES MEM BRG","2ND ST",300.00,W,N,C,-,N,,,,,,,,,,Y,2,0,3,2,A,-,08,22107,,N,A,D,A,B,H,-,A,D,0,,,,,Y,,A,07,1,0,2,0,0,0,0,0,0,"- ","- ",,,SUTTER,"YUBA CITY",-121.6088791,39.138209029999999
8369079,2017,2018-04-24,5102,2017-04-25,2144,9002,1,2,5,4,5102,0,0,0,,0,001,"RT 20","HARTER PKWY",0.00,,Y,A,-,Y,SUT,3,20,-,-,14.470,I,5,W,Y,2,0,1,2,A,-,12,21453,A,N,D,G,A,A,H,-,C,A,0,,Y,,,Y,,L,04,1,0,0,0,0,0,1,0,0,"- ","- ",39.144100000000002,-121.65549,SUTTER,"YUBA CITY",-121.65559888999999,39.141559800000003
8404657,2017,2019-04-09,5100,2017-01-19,1107,5134,,4,5,2,5101,0,0,0,,0,001,"RT 99","COLEMAN AV",1056.00,N,N,B,-,Y,SUT,3,99,-,-,39.550,H,-,S,Y,1,1,1,2,A,-,01,23152,A,N,A,C,A,B,H,-,A,D,0,,,,,Y,Y,A,01,1,0,0,0,0,0,0,0,0,"- ","- ",39.265230000000003,-121.65770000000001,SUTTER,"LIVE OAK",-121.65817936000001,39.266169869999999
8443106,2017,2017-09-16,5102,2017-07-28,2257,4104,5,5,5,4,5102,0,0,0,,0,005,"MARCIA AV","S BARRETT RD",380.00,E,N,A,-,N,,,,,,,,,,N,2,0,1,2,D,-,00,,,F,G,B,E,A,H,-,D,D,0,Y,,,,Y,,-,"- ",1,0,0,0,1,0,0,0,0,"- ","- ",,,SUTTER,"YUBA CITY",-121.62970052999999,39.124839940000001
8504905,2017,2018-07-09,5102,2017-11-27,0528,4107,3,1,5,4,5102,0,0,0,,0,003,"RT 20","CLARK AV",0.00,,Y,C,-,Y,SUT,3,20,-,-,16.060,I,5,W,Y,2,0,1,1,A,-,03,22350,,N,H,I,A,B,H,-,C,D,0,,,Y,,Y,,C,02,1,0,0,0,0,0,0,0,1,"- ","- ",,,SUTTER,"YUBA CITY",-121.62569646999999,39.14170704
8510327,2017,2017-12-14,5102,2017-10-10,1546,4083,3,2,5,4,5102,0,0,0,,0,,"PLAZA WY","GRAY AV",38.00,W,N,A,-,N,,,,,,,,,,Y,2,0,1,2,D,-,00,,,N,G,G,A,A,H,-,A,A,0,,Y,,,Y,,-,"- ",1,0,0,0,0,0,1,0,0,"- ","- ",,,SUTTER,"YUBA CITY",-121.63021999999999,39.143180000000001
8513246,2017,2018-07-09,5100,2017-10-28,0152,2100,LOCA2,6,5,2,5101,0,0,0,,0,02B,"RT 99","CALL BOX SU-99-412",136.00,N,N,A,-,Y,SUT,3,99,-,-,41.120,H,-,N,Y,2,0,1,1,A,-,03,22350,,N,E,I,A,A,H,-,D,D,0,,,,,Y,Y,A,01,1,0,0,0,0,0,0,0,0,"- ","- ",,,SUTTER,"LIVE OAK",-121.66465211000001,39.288160329999997
8514912,2017,2018-07-09,5102,2017-11-09,1951,4072,4,4,5,4,5102,0,0,0,,0,5102,"RT 20","GRAY AV",0.00,,Y,A,-,Y,SUT,3,20,-,-,15.810,I,5,W,Y,2,0,3,2,D,-,00,,,N,A,C,A,A,-,-,C,A,0,,,,,Y,,-,"- ",1,0,2,0,0,0,0,0,0,"- ","- ",,,SUTTER,"YUBA CITY",-121.63030851000001,39.141836320000003
8567344,2018,2018-03-22,5102,2018-02-19,1431,4083,2,1,5,4,5102,0,0,0,,0,,"THARP RD","RT 20",400.00,N,N,A,-,N,,,,,,,,,,Y,2,0,1,2,A,-,09,21804,A,N,D,C,A,A,H,-,A,D,0,,,,,Y,,D,22,1,0,0,0,0,0,0,0,0,"- ","- ",,,SUTTER,"YUBA CITY",-121.64850616455078,39.142688751220703
8583360,2018,2018-04-05,5102,2018-02-23,1840,4104,5,5,5,4,5102,0,0,0,,0,005,"LINCOLN RD","JONES RD",620.00,,N,A,-,N,,,,,,,,,,N,2,0,1,2,A,-,05,21202,A,N,D,C,A,A,H,-,D,D,0,,Y,,,Y,,L,04,1,0,0,0,0,0,1,0,0,"- ","- ",,,SUTTER,"YUBA CITY",-121.62728881835938,39.112678527832031
8588709,2018,2018-04-02,5102,2018-02-24,1704,4106,3,6,5,4,5102,0,0,0,,0,,"LIVE OAK BL","PEASE RD",595.00,N,N,A,-,N,,,,,,,,,,Y,2,0,1,1,A,-,03,22350,,N,E,I,A,A,H,-,B,D,0,,,,,Y,,A,01,1,0,0,0,0,0,0,0,0,"- ","- ",,,SUTTER,"YUBA CITY",-121.62434387207031,39.17254638671875
8589319,2018,2018-07-23,5102,2018-03-19,1557,4073,5,1,5,4,5102,0,0,0,,0,005,"GARDEN HWY","RIVER OAKS DR",0.00,,Y,B,-,N,,,,,,,,,,Y,2,0,1,2,A,-,09,21802,A,N,D,C,A,A,H,-,A,A,0,,,Y,,Y,,D,22,1,0,0,0,0,0,0,0,1,"- ","- ",,,SUTTER,"YUBA CITY",-121.61614990234375,39.103099822998047
8595740,2018,2018-04-17,5102,2018-03-11,1722,4096,,7,5,4,5102,0,0,0,,0,005,"PERCY AV","MORTON ST",96.00,E,N,A,-,N,,,,,,,,,,Y,2,0,1,1,A,-,08,22107,,N,E,I,A,A,H,-,A,D,0,,,,,Y,,D,22,1,0,0,0,0,0,0,0,0,"- ","- ",,,SUTTER,"YUBA CITY",-121.61587524414062,39.12677001953125
8648572,2018,2019-01-30,5102,2018-09-21,2159,4026,4,5,5,4,5102,0,0,0,,0,004,"WILBUR AV","C ST",0.00,,Y,A,-,N,,,,,,,,,,Y,1,1,1,2,A,-,01,23152,A,N,D,C,A,A,H,-,C,A,0,,,,,Y,Y,A,07,0,0,1,0,0,0,0,0,0,"- ","- ",,,SUTTER,"YUBA CITY",-121.61199951171875,39.132949829101562
8665131,2018,2018-10-23,5102,2018-08-30,1229,4117,4,4,5,4,5102,0,0,0,,0,004,"RT 99","SUNSWEET BL",0.00,,Y,A,-,Y,SUT,3,99,-,-,30.252,I,5,S,Y,2,0,1,2,A,-,09,21453,C,N,A,C,A,A,H,-,A,A,0,,,,,Y,,D,22,1,0,0,0,0,0,0,0,0,"- ","- ",,,SUTTER,"YUBA CITY",-121.63468170166016,39.135715484619141
8692619,2018,2018-09-24,5102,2018-08-18,2317,4093,5,6,5,4,5102,0,0,0,,0,005,"PERCY AV","MOORE AV",50.00,W,N,A,-,N,,,,,,,,,,N,2,0,1,3,A,-,01,23152,F,M,C,E,A,A,H,-,C,D,0,,,,,Y,,A,01,1,0,0,0,0,0,0,0,0,"- ","- ",,,SUTTER,"YUBA CITY",-121.61505889892578,39.125530242919922
8724852,2018,2019-01-10,5102,2018-10-06,1910,4115,3,6,5,4,5102,0,0,0,,0,003,"LIVE OAK BL","RT 20",178.00,N,N,A,-,Y,SUT,3,20,-,-,16.330,I,6,W,N,2,0,1,2,A,-,11,21956,,N,G,B,D,A,-,-,C,D,0,Y,,,,Y,,N,60,1,0,0,0,1,0,0,0,0,"- ","- ",,,SUTTER,"YUBA CITY",-121.62078094482422,39.141407012939453
8861629,2019,2019-05-23,5102,2019-05-11,2242,4115,2,6,5,4,5102,0,0,0,,0,002,"BUTTE HOUSE RD","STABLER LN",23.00,W,N,A,-,N,,,,,,,,,,Y,2,0,1,2,A,-,01,23153,F,N,C,C,A,A,H,-,C,A,0,,,,,Y,,A,01,1,0,0,0,0,0,0,0,0,"- ","- ",,,SUTTER,"YUBA CITY",-121.64404296875,39.148052215576172
8868692,2019,2019-06-11,5102,2019-05-12,0351,4117,5,7,5,4,5102,0,0,0,,0,005,"BURNS DR","HASSETT AV",35.00,E,N,A,-,N,,,,,,,,,,Y,2,0,1,3,A,-,01,23152,B,N,A,C,A,A,H,-,C,D,0,,,,,Y,Y,A,01,1,0,0,0,0,0,0,0,0,"- ","- ",,,SUTTER,"YUBA CITY",-121.61347198486328,39.10833740234375
8870122,2019,2019-08-28,5102,2019-05-13,2049,4108,3,1,5,4,5102,0,0,0,,0,5102,"RT 20","STAFFORD WY",299.00,W,N,A,-,Y,SUT,3,20,-,-,15.870,H,-,W,N,2,0,1,2,A,-,11,21954,A,N,G,B,D,A,H,-,C,D,0,Y,,,,Y,,N,60,1,0,0,0,1,0,0,0,0,"- ","- ",,,SUTTER,"YUBA CITY",-121.62919616699219,39.141811370849609
8875876,2019,2020-09-17,5102,2019-06-03,2200,9012,3,1,5,4,5102,0,0,0,,0,,"COLUSA HWY","ORANGE ST",80.00,W,N,A,-,Y,SUT,3,20,-,-,16.210,H,-,W,N,2,0,1,2,A,-,11,21954,A,F,G,B,D,A,H,-,D,D,0,Y,,,,Y,Y,A,08,1,0,0,0,1,0,0,0,0,"- ","- ",,,SUTTER,"YUBA CITY",-121.62294769287109,39.141597747802734
8910324,2019,2020-01-27,5102,2019-08-04,2324,4022,4,7,5,4,5102,0,0,0,,0,004,"RT 99","BRIDGE ST",0.00,,Y,A,-,Y,SUT,3,99,-,-,30.030,I,5,N,N,2,0,1,2,A,-,11,21453,D,N,G,B,B,A,H,-,C,A,0,Y,,,,Y,Y,N,60,1,0,0,0,1,0,0,0,0,"- ","- ",,,SUTTER,"YUBA CITY",-121.63445281982422,39.132408142089844
8911705,2020,2022-06-14,5102,2020-08-27,1529,4105,2,4,5,4,5102,0,0,0,,0,002,"W ONSTOTT FRONTAGE RD","JAIME DRIVE",34.00,N,N,A,-,N,,,,,,,,,,Y,1,1,0,2,A,-,09,21802,A,N,D,C,A,A,H,-,A,A,0,,,Y,,Y,Y,C,06,0,0,0,0,0,0,0,1,0,"- ","- ",,,SUTTER,"YUBA CITY",-121.63568115234375,39.161544799804688
8921172,2019,2019-09-05,5102,2019-08-02,1855,481,3,5,5,4,5102,0,0,0,,0,003,"LIVE OAK BL","PEASE RD",0.00,,Y,A,-,N,,,,,,,,,,Y,2,0,3,3,A,-,08,22107,,N,F,C,A,A,H,-,A,D,0,,,,,Y,,A,07,3,0,0,0,0,0,0,0,0,"- ","- ",,,SUTTER,"YUBA CITY",-121.62380218505859,39.170970916748047
8921521,2019,2019-08-29,5102,2019-08-07,1314,4107,3,3,5,4,5102,0,0,0,,0,003,"COLUSA AV","SHASTA ST",2194.00,E,N,A,-,N,,,,,,,,,,N,2,0,1,2,A,-,03,22350,,N,C,C,A,A,H,-,A,D,0,,,Y,,Y,,C,02,1,0,0,0,0,0,0,0,1,"- ","- ",,,SUTTER,"YUBA CITY",-121.61586761474609,39.141288757324219
8940531,2019,2019-10-08,5102,2019-09-02,0916,4077,3,1,5,4,5102,0,0,0,,0,003,"MARKET ST","AINSLEY AV",0.00,,Y,A,-,N,,,,,,,,,,Y,2,0,2,2,A,-,09,21804,A,N,D,C,A,A,H,-,A,D,0,,,,,Y,,A,01,1,0,1,0,0,0,0,0,0,"- ","- ",,,SUTTER,"YUBA CITY",-121.61454010009766,39.146198272705078
8947899,2019,2019-11-07,5102,2019-09-20,2138,4061,5,5,5,4,5102,0,0,0,,0,005,"GARDEN HWY","CENTRAL AV",10.00,S,N,A,-,N,,,,,,,,,,Y,2,0,1,2,A,-,09,21801,A,N,B,C,A,A,H,-,C,D,0,,,Y,,Y,,A,01,1,0,0,0,0,0,0,0,1,"- ","- ",,,SUTTER,"YUBA CITY",-121.60970306396484,39.125083923339844
8957701,2019,2019-10-09,5102,2019-07-15,1754,4069,4,1,5,4,5102,0,0,0,,0,004,"FORBES AV","ALMOND ST",0.00,,Y,A,-,N,,,,,,,,,,Y,2,0,1,2,A,-,01,23152,A,N,D,C,A,A,H,-,A,A,0,,,,,Y,Y,D,22,1,0,0,0,0,0,0,0,0,"- ","- ",,,SUTTER,"YUBA CITY",-121.61900329589844,39.137660980224609
8961910,2019,2019-10-23,5102,2019-10-03,1320,4016,4,4,5,4,5102,0,0,0,,0,004,"CLARK AV","B ST",0.00,,Y,A,-,N,,,,,,,,,,Y,2,0,1,2,A,-,01,23153,A,N,D,C,A,A,H,-,A,A,0,,,,,Y,Y,A,01,1,0,0,0,0,0,0,0,0,"- ","- ",,,SUTTER,"YUBA CITY",-121.62503814697266,39.129909515380859
8974778,2019,2021-05-24,5102,2019-10-05,2219,4105,4,6,5,4,5102,0,0,0,,0,004,"2ND ST","GARDEN HWY",94.00,S,N,A,-,N,,,,,,,,,,Y,1,1,0,6,A,-,01,23152,A,N,D,E,A,A,H,-,C,D,0,,,,,Y,Y,D,22,0,0,0,0,0,0,0,0,0,"- ","- ",,,SUTTER,"YUBA CITY",-121.60430145263672,39.132450103759766
90005437,2015,2015-10-19,9285,2015-07-13,1540,013174,9285,1,2,9,5100,0,1,3,,1,072,"SR-20 E/B","TARKE RD",1400.00,W,N,A,-,Y,,,20,,,,,,E,Y,2,0,2,1,A,-,08,22107,,N,E,I,A,A,H,-,A,D,0,,,,,Y,,A,08,1,1,0,0,0,0,0,0,0,"- ","- ",39.142699999999998,-121.85178000000001,SUTTER,UNINCORPORATED,-121.85177719000001,39.142910739999998
90008766,2015,2015-10-19,9285,2015-07-11,1130,013174,,6,1,9,5100,0,3,5,,1,003,"CRANMORE ROAD","STATE RANCH ROAD",3696.00,W,N,A,-,N,,,,,,,,,,Y,1,1,0,1,A,-,08,22107,,N,E,I,A,A,H,-,A,D,0,,,,,Y,,M,46,0,0,0,0,0,0,0,0,0,"- ","- ",38.868879999999997,-121.75998,SUTTER,UNINCORPORATED,-121.75895763,38.869335890000002
90013434,2015,2015-10-19,9285,2015-04-25,1545,15048,,6,2,9,5100,0,1,3,,2,031,"RT 113","SCHLAGEL ROAD",535.00,S,N,A,-,Y,,,113,,,,,,,Y,1,3,1,2,A,-,01,23152,A,N,A,C,A,A,H,-,A,D,0,,,,,Y,Y,D,22,1,0,0,0,0,0,0,0,0,"- ","- ",39.003160000000001,-121.65560000000001,SUTTER,UNINCORPORATED,-121.65559995,39.003173220000001
90017970,2015,2015-10-19,9285,2015-08-30,0101,017080,,7,3,9,5100,0,3,5,,1,007,"PASS ROAD","MARTY ROAD",528.00,E,N,A,-,N,,,,,,,,,,Y,2,0,2,2,A,-,01,23152,A,N,B,C,A,A,H,-,C,D,0,,,,,Y,Y,I,20,1,0,1,0,0,0,0,0,0,"- ","- ",39.187159999999999,-121.93283,SUTTER,UNINCORPORATED,-121.93301729,39.187144689999997
90023097,2015,2015-10-19,9285,2015-08-09,2001,017080,,7,2,9,5100,0,3,5,,1,001,"RIEGO ROAD","POWER LINE ROAD",3960.00,E,N,A,-,N,,,,,,,,,,Y,1,1,0,1,A,-,08,22107,,N,E,I,A,A,H,-,B,D,0,,,,,Y,,A,07,0,0,0,0,0,0,0,0,0,"- ","- ",38.75,-121.56151,SUTTER,UNINCORPORATED,-121.56293829000001,38.749930040000002