CASE_ID,ACCIDENT_YEAR,PROC_DATE,JURIS,COLLISION_DATE,COLLISION_TIME,OFFICER_ID,REPORTING_DISTRICT,DAY_OF_WEEK,CHP_SHIFT,POPULATION,CNTY_CITY_LOC,SPECIAL_COND,BEAT_TYPE,CHP_BEAT_TYPE,CITY_DIVISION_LAPD,CHP_BEAT_CLASS,BEAT_NUMBER,PRIMARY_RD,SECONDARY_RD,DISTANCE,DIRECTION,INTERSECTION,WEATHER_1,WEATHER_2,STATE_HWY_IND,CALTRANS_COUNTY,CALTRANS_DISTRICT,STATE_ROUTE,ROUTE_SUFFIX,POSTMILE_PREFIX,POSTMILE,LOCATION_TYPE,RAMP_INTERSECTION,SIDE_OF_HWY,TOW_AWAY,COLLISION_SEVERITY,NUMBER_KILLED,NUMBER_INJURED,PARTY_COUNT,PRIMARY_COLL_FACTOR,PCF_CODE_OF_VIOL,PCF_VIOL_CATEGORY,PCF_VIOLATION,PCF_VIOL_SUBSECTION,HIT_AND_RUN,TYPE_OF_COLLISION,MVIW,PED_ACTION,ROAD_SURFACE,ROAD_COND_1,ROAD_COND_2,LIGHTING,CONTROL_DEVICE,CHP_ROAD_TYPE,PEDESTRIAN_ACCIDENT,BICYCLE_ACCIDENT,MOTORCYCLE_ACCIDENT,TRUCK_ACCIDENT,NOT_PRIVATE_PROPERTY,ALCOHOL_INVOLVED,STWD_VEHTYPE_AT_FAULT,CHP_VEHTYPE_AT_FAULT,COUNT_SEVERE_INJ,COUNT_VISIBLE_INJ,COUNT_COMPLAINT_PAIN,COUNT_PED_KILLED,COUNT_PED_INJURED,COUNT_BICYCLIST_KILLED,COUNT_BICYCLIST_INJURED,COUNT_MC_KILLED,COUNT_MC_INJURED,PRIMARY_RAMP,SECONDARY_RAMP,LATITUDE,LONGITUDE,COUNTY,CITY,POINT_X,POINT_Y
90030960,2015,2015-10-19,9285,2015-08-12,2134,018475,,3,2,9,5100,0,1,3,,1,011,"SR-99 N/B","HOWSLEY RD",2640.00,S,N,A,-,Y,,,99,,,,,,N,Y,1,2,2,4,A,-,07,21658,A,N,C,C,A,A,H,-,C,D,0,,,Y,,Y,,C,02,0,1,1,0,0,0,0,2,0,"- ","- ",38.814100000000003,-121.54345000000001,SUTTER,UNINCORPORATED,-121.54359289999999,38.814098680000001
90064765,2015,2015-12-03,9285,2015-11-25,1350,015069,,3,1,9,5100,0,3,5,,1,001,"MARK HOPKINS AVENUE","BERRY ROAD",2112.00,S,N,A,-,N,,,,,,,,,,N,2,0,1,1,C,-,18,,,N,F,A,A,A,H,-,A,D,0,,,,,Y,,-,"- ",1,0,0,0,0,0,0,0,0,"- ","- ",38.942990000000002,-121.54841999999999,SUTTER,UNINCORPORATED,-121.54920291000001,38.942889839999999
90067040,2015,2015-12-07,9285,2015-11-11,0609,013174,,3,1,9,5100,0,1,3,,2,031,"STATE ROUTE 113","KNIGHTS ROAD",2772.00,N,N,E,-,Y,,,113,,,,,,,Y,1,1,1,5,A,-,06,21751,,N,A,C,A,B,H,-,D,D,0,,,,Y,Y,,A,01,0,1,0,0,0,0,0,0,0,"- ","- ",38.848799999999997,-121.71596,SUTTER,UNINCORPORATED,-121.71590155,38.848778150000001
90081279,2015,2015-12-23,9285,2015-10-23,0843,014744,,5,1,9,5100,0,3,5,,1,001,"KEYS ROAD","NATOMAS ROAD",1584.00,E,N,A,-,N,,,,,,,,,,Y,1,1,0,2,A,-,12,22451,A,N,H,F,A,A,H,-,A,D,0,,,,,Y,,D,22,0,0,0,0,0,0,0,0,0,"- ","- ",38.794629999999998,-121.5008,SUTTER,UNINCORPORATED,-121.50432918,38.794633349999998
9008152,2019,2020-01-06,5102,2019-11-18,1543,4077,4,1,5,4,5102,0,0,0,,0,004,"MAIN ST","MORTON ST",0.00,,Y,A,-,N,,,,,,,,,,N,2,0,1,2,A,-,10,21950,A,N,G,B,B,A,H,-,A,D,0,Y,,,,Y,,A,01,1,0,0,0,1,0,0,0,0,"- ","- ",,,SUTTER,"YUBA CITY",-121.61620330810547,39.126808166503906
90085510,2015,2015-12-30,9285,2015-12-24,0539,014744,,4,3,9,5100,0,1,3,,1,051,"STATE ROUTE 99","BOGUE ROAD",0.00,,Y,B,C,Y,,,99,,,,,,,Y,2,0,2,3,A,-,12,21453,A,N,D,C,A,B,H,-,C,A,0,,,,,Y,,A,01,1,0,1,0,0,0,0,0,0,"- ","- ",39.098770000000002,-121.63433999999999,SUTTER,UNINCORPORATED,-121.63442721,39.098770199999997
90089999,2015,2016-01-07,9285,2015-11-16,0850,015976,,1,1,9,5100,0,1,3,,1,072,SR-20,"WEST BUTTE RD",0.00,,N,A,-,Y,,,,,,,,,,Y,2,0,1,2,A,-,06,21751,,F,F,A,A,A,H,-,A,D,0,,,,,Y,,-,99,1,0,0,0,0,0,0,0,0,"- ","- ",,,SUTTER,UNINCORPORATED,-121.82621988,39.148199920000003
90106692,2015,2016-02-01,9285,2015-11-19,1740,15048,,4,2,9,5100,0,1,3,,1,051,"SR 99 (NORTHBOUND)","OSWALD ROAD",1056.00,S,N,A,-,Y,,,99,,,,,,,Y,1,1,0,2,A,-,09,21804,B,N,D,C,A,A,H,-,C,D,0,,,,Y,Y,,A,01,0,0,0,0,0,0,0,0,0,"- ","- ",39.066580000000002,-121.63347,SUTTER,UNINCORPORATED,-121.63341127,39.066579249999997
90108213,2015,2016-02-03,9285,2015-10-31,1700,017272,,6,2,9,5100,0,1,3,,1,051,"STATE ROUTE 99 N/B","HUTCHINSON ROAD",0.00,,Y,A,-,Y,,,99,,,,,,N,Y,1,1,2,3,A,-,01,23152,A,N,E,I,A,A,H,-,A,A,0,,,,,Y,Y,A,01,2,0,0,0,0,0,0,0,0,"- ","- ",39.040010000000002,-121.63460000000001,SUTTER,UNINCORPORATED,-121.63473667,39.040011739999997
90120199,2016,2016-02-22,9285,2016-02-15,1008,014401,,1,1,9,5100,0,1,3,,1,071,SR-99,"BISHOP AVE",570.00,N,N,A,-,Y,,,99,,,,,,,Y,2,0,6,2,A,-,05,21460,A,N,B,C,A,A,H,-,A,D,0,,,,,Y,,A,07,2,2,2,0,0,0,0,0,0,"- ","- ",39.260890000000003,-121.65621,SUTTER,UNINCORPORATED,-121.65626334,39.260869079999999
90125353,2016,2017-11-21,9285,2016-02-13,1728,017118,,6,2,9,5100,0,2,4,,1,052,"GARDEN HIGHWAY","MESSICK RD",1056.00,S,N,A,-,N,,,,,,,,,,Y,2,0,2,1,A,-,01,23152,A,N,E,I,A,A,H,-,A,D,0,,,,,Y,Y,A,01,2,0,0,0,0,0,0,0,0,"- ","- ",39.047460000000001,-121.6159,SUTTER,UNINCORPORATED,-121.61596,39.048582779999997
90152053,2016,2016-04-06,9285,2016-03-30,0440,019168,,3,3,9,5100,0,3,5,,1,007,"PASS RD","KELLOGG RD",6336.00,W,N,B,-,N,,,,,,,,,,Y,2,0,1,1,A,-,01,23152,A,N,E,I,A,A,H,-,D,D,0,,,,,Y,Y,A,01,1,0,0,0,0,0,0,0,0,"- ","- ",39.186900000000001,-121.79826,SUTTER,UNINCORPORATED,-121.80441454,39.18609
90175988,2016,2016-05-10,9285,2016-04-23,2112,018475,,6,2,9,5100,0,1,3,,1,051,"SR-99 S/B","RICHLAND RD",676.00,S,N,A,-,Y,,,99,,,,,,S,Y,2,0,4,3,A,-,01,23152,A,N,C,C,A,A,H,-,C,D,0,,,,,Y,Y,D,22,3,1,0,0,0,0,0,0,0,"- ","- ",39.116289999999999,-121.63477,SUTTER,UNINCORPORATED,-121.63473501999999,39.11628941
90196544,2016,2016-06-08,9285,2016-05-27,1123,015976,,5,1,9,5100,0,3,5,,1,001,"BEAR RIVER DR","PLEASANT GROVE RD",2112.00,E,N,A,-,N,,,,,,,,,,Y,2,0,1,2,A,-,08,22107,,F,F,J,A,A,H,-,A,D,0,,,,,Y,,-,99,1,0,0,0,0,0,0,0,0,"- ","- ",38.980159999999998,-121.47836,SUTTER,UNINCORPORATED,-121.48027738,38.979935879999999
90210102,2016,2016-06-27,9285,2016-06-17,1700,016343,,5,2,9,5100,0,3,5,,1,001,"POWERLINE RD",SR-99,45.00,E,N,B,-,N,,,,,,,,,,Y,2,0,2,1,A,-,03,22350,,N,E,I,A,A,H,-,A,D,0,,,,,Y,,D,22,1,0,1,0,0,0,0,0,0,"- ","- ",38.885449999999999,-121.57008,SUTTER,UNINCORPORATED,-121.57046371,38.885742919999998
90210490,2016,2016-06-27,9285,2016-06-26,0445,018291,,7,3,9,5100,0,3,5,,1,005,"FRANKLIN RD. (W/B)","ACACIA AVENUE",452.00,E,N,A,-,N,,,,,,,,,,Y,2,0,2,1,A,-,01,23152,A,N,F,A,A,A,H,-,D,D,0,,,,,Y,Y,A,07,1,1,0,0,0,0,0,0,0,"- ","- ",39.127699999999997,-121.75422,SUTTER,UNINCORPORATED,-121.75425436,39.127727489999998
90222805,2016,2016-07-14,9285,2016-07-08,1340,014793,,5,1,9,5100,0,1,3,,1,071,SR-99,"MCDONALD AVE",400.00,S,N,A,-,Y,,,99,,,,,,,Y,2,0,1,1,A,-,08,22107,,N,E,I,A,A,H,-,A,D,0,,,,,Y,,A,07,1,0,0,0,0,0,0,0,0,"- ","- ",39.244999999999997,-121.65035,SUTTER,UNINCORPORATED,-121.65039016,39.244984789999997
90224950,2016,2016-07-18,9285,2016-07-07,1155,015976,,4,1,9,5100,0,1,3,,1,011,"SR-99 N/B","SANKEY RD",27.00,S,N,A,-,Y,,,99,,,,,,N,Y,2,0,1,2,A,-,07,21658,A,N,C,C,A,A,H,-,A,D,0,,,,,Y,,D,22,1,0,0,0,0,0,0,0,0,"- ","- ",38.781950000000002,-121.54353,SUTTER,UNINCORPORATED,-121.54342808,38.781954640000002
90278840,2016,2017-10-24,9285,2016-08-12,1700,015976,,5,2,9,5100,0,1,3,,2,031,SR-113,"LEISER RD",195.00,N,N,A,-,Y,,,113,,,,,,,Y,1,1,4,2,A,-,09,21801,A,N,D,C,A,A,H,-,A,D,0,,,,,Y,,A,01,1,0,3,0,0,0,0,0,0,"- ","- ",38.821260000000002,-121.71657999999999,SUTTER,UNINCORPORATED,-121.71663737999999,38.821242320000003
90325693,2016,2016-11-21,9285,2016-11-16,1700,015491,,3,2,9,5100,0,1,3,,1,011,"STATE ROUTE 99","CATLETT ROAD",0.00,,Y,A,-,Y,,,99,,,,,,,Y,2,0,5,2,A,-,09,21802,A,N,D,C,A,A,H,-,C,A,0,,,,,Y,,A,01,1,0,4,0,0,0,0,0,0,"- ","- ",38.837629999999997,-121.54358999999999,SUTTER,UNINCORPORATED,-121.54355523,38.83763012
90336496,2016,2016-12-05,9285,2016-11-17,0600,015976,,4,1,9,5100,0,1,3,,1,051,SR-99,"STEWART RD.",1056.00,N,N,A,-,Y,,,99,,,,,,,Y,2,0,2,2,A,-,05,21650,,N,A,C,A,A,H,-,C,D,0,,,,,Y,,A,07,1,0,1,0,0,0,0,0,0,"- ","- ",39.0899,-121.63482,SUTTER,UNINCORPORATED,-121.63475746,39.089898339999998
90344253,2016,2016-12-14,9285,2016-12-11,1453,017534,,7,2,9,5100,0,2,4,,1,073,"BUTTE HOUSE ROAD","CYPRESS STREET",6.00,E,N,B,-,N,,,,,,,,,,Y,2,0,1,1,A,-,03,22350,,N,F,A,A,A,H,-,A,D,0,,,Y,,Y,,C,02,1,0,0,0,0,0,0,0,1,"- ","- ",39.168030000000002,-121.74127,SUTTER,UNINCORPORATED,-121.74157903,39.168107730000003
90365038,2017,2017-01-10,9285,2017-01-07,0710,017534,,6,1,9,5100,0,1,3,,1,071,"STATE ROUTE 99","KENT AVE",303.00,S,N,B,C,Y,,,99,,,,,,,Y,2,0,1,1,A,-,08,22107,,N,E,I,A,B,H,-,B,D,0,,,,,Y,,A,01,1,0,0,0,0,0,0,0,0,"- ","- ",39.220019999999998,-121.64109000000001,SUTTER,UNINCORPORATED,-121.64104945,39.220033059999999
90390140,2017,2017-02-10,9285,2017-02-03,0655,014793,,5,1,9,5100,0,1,3,,1,051,SR-99,"BOGUE ROAD",1670.00,S,N,B,C,Y,,,99,,,,,,,Y,2,0,2,2,A,-,05,21651,A,N,A,C,A,B,H,-,A,D,0,,,,,Y,,A,07,2,0,0,0,0,0,0,0,0,"- ","- ",39.093960000000003,-121.63472,SUTTER,UNINCORPORATED,-121.63464908,39.093958180000001
90392541,2017,2017-02-14,9285,2017-02-11,1050,014793,,6,1,9,5100,0,2,4,,1,073,"LIVE OAK BOULEVARD","EAGER ROAD",2640.00,N,N,A,-,N,,,,,,,,,,Y,2,0,1,1,C,-,18,,,N,E,H,A,A,H,-,A,D,0,,,Y,,Y,,-,"- ",1,0,0,0,0,0,0,0,1,"- ","- ",39.198,-121.63382,SUTTER,UNINCORPORATED,-121.63329804,39.196908839999999
90393700,2017,2017-02-15,9285,2017-02-08,1932,019253,,3,2,9,5100,0,1,3,,1,051,"SR-99 N/B","OBANION RD",500.00,N,N,B,-,Y,,,99,,,,,,N,Y,2,0,1,2,A,-,03,22350,,N,C,C,A,A,H,-,D,D,0,,,,,Y,,A,01,1,0,0,0,0,0,0,0,0,"- ","- ",39.026269999999997,-121.63473999999999,SUTTER,UNINCORPORATED,-121.63472831999999,39.026270080000003
90397343,2017,2017-02-21,9285,2017-02-19,2255,019253,,7,3,9,5100,0,1,3,,1,011,"SR-99 N/B","CATLETT RD",1800.00,N,N,B,-,Y,,,99,,,,,,N,Y,2,0,1,2,A,-,09,21801,A,N,D,C,A,A,H,-,D,D,0,,,,,Y,,A,01,1,0,0,0,0,0,0,0,0,"- ","- ",38.850189999999998,-121.54367000000001,SUTTER,UNINCORPORATED,-121.54366879,38.850190179999998
90399507,2017,2017-02-24,9285,2017-02-12,0007,019223,,7,3,9,5100,0,3,5,,1,007,"EAGER RD","TIERRA BUENA RD",34.00,E,N,A,-,N,,,,,,,,,,Y,1,2,3,1,A,-,01,23152,F,N,F,A,A,A,H,-,D,D,0,,,,,Y,Y,A,01,0,0,3,0,0,0,0,0,0,"- ","- ",39.189430000000002,-121.66211,SUTTER,UNINCORPORATED,-121.66202444,39.1894141
90406577,2017,2017-03-06,9285,2017-02-19,1405,013806,,7,2,9,5100,0,1,3,,1,051,"STATE ROUTE 99 SOUTHBOUND","RICHLAND ROAD",694.00,S,N,B,C,Y,,,99,,,,,,S,Y,1,1,0,2,A,-,08,22107,,N,D,C,A,B,H,-,A,D,0,,,,,Y,,A,01,0,0,0,0,0,0,0,0,0,"- ","- ",39.116230000000002,-121.63481,SUTTER,UNINCORPORATED,-121.63473604000001,39.116228759999998
90420977,2017,2017-03-27,9285,2017-03-12,0730,014793,,7,1,9,5100,0,1,3,,1,011,"SR-99 S/B","SANKEY ROAD",5280.00,N,N,A,-,Y,,,99,,,,,,S,Y,1,1,4,1,A,-,08,22107,,N,F,A,A,A,H,-,A,D,0,,,,,Y,,A,07,0,3,1,0,0,0,0,0,0,"- ","- ",38.794490000000003,-121.54387,SUTTER,UNINCORPORATED,-121.54379342,38.794490000000003
90463609,2017,2017-05-25,9285,2017-05-06,0620,015976,,6,1,9,5100,0,1,3,,1,011,SR-99,"CENTRAL AVE",1056.00,N,N,A,-,Y,,,99,,,,,,,Y,1,2,0,2,A,-,05,21650,,N,A,C,A,A,H,-,B,D,0,,,,,Y,,D,22,0,0,0,0,0,0,0,0,0,"- ","- ",38.964460000000003,-121.6069,SUTTER,UNINCORPORATED,-121.60679785000001,38.964460930000001
90470515,2017,2017-06-05,9285,2017-05-20,0210,021197,,6,3,9,5100,0,3,5,,1,005,"CLEMENTS ROAD","FRANKLIN ROAD",2640.00,S,N,A,-,N,,,,,,,,,,Y,2,0,2,1,A,-,01,23152,A,F,E,I,A,A,H,-,D,D,0,,,,,Y,Y,A,01,1,1,0,0,0,0,0,0,0,"- ","- ",39.121409999999997,-121.74496000000001,SUTTER,UNINCORPORATED,-121.74500218,39.120291899999998
90471605,2017,2017-06-06,9285,2017-04-30,2250,019223,,7,3,9,5100,0,1,3,,1,010,"SR-70 S/B","STRIPLIN RD",1007.00,N,N,A,-,Y,,,,,,,,,,Y,1,1,1,1,A,-,08,22107,,N,E,I,A,A,H,-,C,D,0,,,,,Y,,A,01,0,0,1,0,0,0,0,0,0,"- ","- ",38.869300000000003,-121.54365,SUTTER,UNINCORPORATED,-121.54357259,38.869405209999996
90475485,2017,2017-06-12,9285,2017-05-26,0027,019798,,5,3,9,5100,0,1,3,,1,011,SR-99,"W CATLETT RD",0.00,,Y,A,-,Y,,,99,,,,,,,Y,2,0,3,2,A,-,01,23152,A,N,D,C,A,A,H,-,C,A,0,,,,,Y,Y,A,07,1,0,2,0,0,0,0,0,0,"- ","- ",38.837620000000001,-121.54358999999999,SUTTER,UNINCORPORATED,-121.54355519000001,38.837620119999997
90495256,2017,2017-07-06,9285,2017-06-30,2320,021197,,5,3,9,5100,0,3,5,,1,007,"TOWNSHIP RD","MARLETTE AVE",1584.00,S,N,A,-,N,,,,,,,,,,Y,2,0,1,1,A,-,08,22107,,N,E,I,A,A,H,-,D,D,0,,,,,Y,,A,01,1,0,0,0,0,0,0,0,0,"- ","- ",39.11871,-121.68908,SUTTER,UNINCORPORATED,-121.68914785,39.120850230000002
90507359,2017,2017-07-25,9285,2017-07-18,1651,018747,,2,2,9,5100,0,1,3,,1,010,"SR-70 N/B","KEMPTON RD",0.00,,Y,A,-,Y,,,,,,,,,,Y,2,0,2,2,A,-,09,21801,A,N,D,C,A,A,H,-,A,D,0,,,,,Y,,A,01,1,1,0,0,0,0,0,0,0,"- ","- ",38.95373,-121.54358999999999,SUTTER,UNINCORPORATED,,
90514149,2017,2017-08-21,9285,2017-07-19,2022,019253,,3,2,9,5100,0,1,3,,1,051,"SR-99 S/B","BOGUE RD",0.00,,Y,A,-,Y,,,99,,,,,,S,Y,2,0,2,2,A,-,09,21801,A,N,A,C,A,A,H,-,A,A,0,,,,,Y,,A,01,1,1,0,0,0,0,0,0,0,"- ","- ",39.098280000000003,-121.63458,SUTTER,UNINCORPORATED,-121.63455989000001,39.098280250000002
90537789,2017,2017-08-31,9285,2017-08-19,0305,021197,,6,3,9,5100,0,1,3,,1,072,SR-20,"ACACIA AVE.",1056.00,E,N,A,-,Y,,,20,,,,,,,Y,2,0,1,1,A,-,01,23152,A,N,F,A,A,A,H,-,D,D,0,,,,,Y,Y,D,22,1,0,0,0,0,0,0,0,0,"- ","- ",39.142040000000001,-121.7452,SUTTER,UNINCORPORATED,-121.74519748,39.142198299999997
90557376,2017,2017-09-27,9285,2017-09-22,0737,015491,,5,1,9,5100,0,1,3,,2,031,"STATE ROUTE 113","KNIGHTS ROAD",1200.00,S,N,A,-,Y,,,113,,,,,,,Y,2,0,2,2,A,-,03,22350,,N,B,C,A,A,H,-,A,D,0,,,,,Y,,A,01,1,0,1,0,0,0,0,0,0,"- ","- ",38.809559999999998,-121.71588,SUTTER,UNINCORPORATED,-121.71590652,38.809589799999998
90610032,2017,2017-12-05,9285,2017-10-30,0557,015976,,1,3,9,5100,0,1,3,,1,072,"SR-20 WESTBOUND","SOUTH BUTTE RD.",1056.00,W,N,B,-,Y,,,20,,,,,,W,Y,2,0,2,4,A,-,03,22350,,N,G,B,E,A,C,-,D,D,0,Y,,,,Y,,A,07,2,0,0,0,2,0,0,0,0,"- ","- ",39.141550000000002,-121.70372999999999,SUTTER,UNINCORPORATED,-121.7037284,39.141683970000003
90610619,2017,2017-12-05,9285,2017-10-18,1328,018291,,3,1,9,5100,0,2,4,,1,052,SR-99,"HUTCHINSON RD",118.00,N,N,A,-,Y,,,99,,,,,,,Y,1,1,2,3,A,-,08,22107,,N,D,C,A,A,H,-,A,D,0,,,,Y,Y,,A,01,0,0,2,0,0,0,0,0,0,"- ","- ",39.04045,-121.6348,SUTTER,UNINCORPORATED,-121.63473111,39.040449119999998
90677495,2018,2018-03-08,9285,2018-03-06,2115,019085,,2,2,9,5100,0,1,3,,1,071,SR-99,"CLARK RD",956.00,S,N,B,-,Y,,,99,,,,,,,Y,2,0,2,2,A,-,05,21460,A,N,A,C,A,A,H,-,D,D,0,,,,,Y,,D,22,1,0,1,0,0,0,0,0,0,"- ","- ",39.22998046875,-121.64488983154297,SUTTER,UNINCORPORATED,-121.64485168457031,39.229995727539062
90690427,2018,2018-04-03,9285,2018-03-11,2312,018108,,7,3,9,5100,0,3,5,,1,001,"HOWSLEY RD",SR-99,775.00,W,N,A,-,N,,,,,,,,,,Y,2,0,1,1,A,-,01,23152,A,N,E,I,A,A,H,-,D,D,0,,,,,Y,Y,A,01,1,0,0,0,0,0,0,0,0,"- ","- ",38.818950653076172,-121.54612731933594,SUTTER,UNINCORPORATED,-121.54595184326172,38.8189697265625
90703088,2018,2018-04-11,9285,2018-04-04,2210,018768,,3,3,9,5100,0,3,5,,1,001,"RIO OSO RD","PACIFIC AVE",1584.00,W,N,A,-,N,,,,,,,,,,Y,2,0,1,1,A,-,08,22107,,N,E,I,A,A,H,-,C,D,0,,,,,Y,,A,01,1,0,0,0,0,0,0,0,0,"- ","- ",38.961360931396484,-121.52857971191406,SUTTER,UNINCORPORATED,-121.53015899658203,38.961311340332031
90714055,2018,2018-06-18,9285,2018-03-12,0910,018475,,1,1,9,5100,0,1,3,,2,031,SR-113,"SUBACCO RD",3515.00,N,N,A,-,Y,,,113,,,,,,,Y,1,1,2,3,A,-,08,22107,,N,A,C,A,A,H,-,A,D,0,,,,Y,Y,,A,01,0,0,2,0,0,0,0,0,0,"- ","- ",38.932628631591797,-121.68424987792969,SUTTER,UNINCORPORATED,-121.68423461914062,38.932624816894531
90721123,2018,2018-05-07,9285,2018-04-26,1545,018522,,4,2,9,5100,0,1,3,,1,011,"SR-99 N/B","CENTRAL AVE",2112.00,S,N,A,-,Y,,,99,,,,,,N,Y,2,0,1,3,A,-,01,23152,G,N,E,I,A,A,H,-,A,D,0,,,,Y,Y,Y,A,07,1,0,0,0,0,0,0,0,0,"- ","- ",38.957630157470703,-121.60694122314453,SUTTER,UNINCORPORATED,-121.60677337646484,38.957630157470703
90726112,2018,2018-05-14,9285,2018-04-28,1923,018561,,6,2,9,5100,0,1,3,,1,011,SR-99,"STRIPLIN RD",4224.00,N,N,B,-,Y,,,99,,,,,,,Y,2,0,10,1,A,-,08,22107,,N,F,A,A,A,H,-,A,D,0,,,,,Y,Y,A,07,2,8,0,0,0,0,0,0,0,"- ","- ",38.876808166503906,-121.56313323974609,SUTTER,UNINCORPORATED,-121.56320953369141,38.876747131347656
90731968,2018,2018-05-23,9285,2018-05-14,0950,015976,,1,1,9,5100,0,1,3,,1,011,SR-99,"POWERLINE RD",0.00,,Y,A,-,Y,,,99,,,,,,,Y,2,0,2,2,A,-,09,21801,A,N,A,C,A,A,H,-,A,D,0,,,,,Y,,A,01,1,1,0,0,0,0,0,0,0,"- ","- ",38.885501861572266,-121.57051086425781,SUTTER,UNINCORPORATED,-121.57042694091797,38.885574340820312
90731985,2018,2018-05-23,9285,2018-05-14,2000,018561,,1,2,9,5100,0,1,3,,1,071,SR-99,"KENT AVE",1584.00,N,N,A,-,Y,,,99,,,,,,,Y,2,0,1,1,A,-,01,23152,A,N,E,I,A,A,H,-,B,D,0,,,,,Y,Y,A,01,1,0,0,0,0,0,0,0,0,"- ","- ",39.225479125976562,-121.64325714111328,SUTTER,UNINCORPORATED,-121.64320373535156,39.225498199462891
90754536,2018,2018-11-12,9285,2018-05-26,1700,015976,,6,2,9,5100,0,1,3,,1,011,SR-99,"CENTRAL AVE",90.00,S,N,B,-,Y,,,99,,,,,,,Y,2,0,4,2,A,-,09,21804,A,N,C,C,A,A,H,-,A,D,0,,,,,Y,,D,22,2,2,0,0,0,0,0,0,0,"- ","- ",38.961978912353516,-121.60662078857422,SUTTER,UNINCORPORATED,-121.60679626464844,38.961982727050781
90763205,2018,2018-07-05,9285,2018-02-10,1005,016052,,6,1,9,5100,0,1,3,,1,072,SR-20,"WEST BUTTE RD",3250.00,W,N,A,-,Y,,,20,,,,,,,Y,1,2,2,5,A,-,03,22350,,N,C,C,A,A,H,-,A,D,0,,,,,Y,,A,07,1,1,0,0,0,0,0,0,0,"- ","- ",39.144641876220703,-121.83688354492188,SUTTER,UNINCORPORATED,-121.83687591552734,39.144638061523438
90772587,2018,2018-07-19,9285,2018-07-09,1723,018153,,1,2,9,5100,0,1,3,,1,051,SR-99,"OBANION RD",0.00,,Y,A,-,Y,,,99,,,,,,,Y,2,0,2,2,A,-,05,21650,,N,A,C,A,A,H,-,A,D,0,,,,,Y,,-,"- ",2,0,0,0,0,0,0,0,0,"- ","- ",39.025058746337891,-121.63469696044922,SUTTER,UNINCORPORATED,-121.63473510742188,39.025062561035156
9077914,2020,2020-09-25,5102,2020-03-15,0234,4076,2,7,5,4,5102,0,0,0,,0,002,"RT 99","FRANKLIN RD",75.00,S,N,B,-,Y,SUT,3,99,-,-,29.680,H,-,S,Y,2,0,1,2,A,-,11,21956,,N,-,B,E,A,H,-,C,D,0,Y,,,,Y,,N,60,1,0,0,0,1,0,0,0,0,"- ","- ",,,SUTTER,"YUBA CITY",-121.63459014892578,39.127468109130859
90791006,2018,2018-08-15,9285,2018-07-07,2330,019478,,6,3,9,5100,0,2,4,,1,052,"LINCOLN RD","CLEMENTS RD",14.00,W,N,A,-,N,,,,,,,,,,Y,1,1,0,1,A,-,01,23152,A,N,E,I,A,A,H,-,D,A,0,,,,,Y,Y,A,01,0,0,0,0,0,0,0,0,0,"- ","- ",39.113040924072266,-121.74530792236328,SUTTER,UNINCORPORATED,-121.74514007568359,39.113040924072266
90809982,2018,2018-09-11,9285,2018-08-26,2120,019085,,7,2,9,5100,0,1,3,,2,031,SR-113,"JENNINGS CT",540.00,N,N,A,-,Y,,,113,,,,,,,Y,2,0,1,2,A,-,01,23152,A,N,B,C,A,A,H,-,D,D,0,,,,Y,Y,Y,A,01,1,0,0,0,0,0,0,0,0,"- ","- ",38.81256103515625,-121.71440124511719,SUTTER,UNINCORPORATED,-121.71442413330078,38.81256103515625
90812638,2018,2018-09-13,9285,2018-09-09,1600,019085,,7,2,9,5100,0,3,5,,1,001,"W. CATLETT RD",SR-99,7920.00,W,N,A,-,N,,,,,,,,,,Y,2,0,1,1,A,-,01,23152,A,N,F,A,A,A,H,-,A,D,0,,,,,Y,Y,D,22,1,0,0,0,0,0,0,0,0,"- ","- ",38.837089538574219,-121.57292175292969,SUTTER,UNINCORPORATED,-121.57308197021484,38.837062835693359
90818752,2018,2019-02-04,9285,2018-08-11,1415,019401,,6,2,9,5100,0,1,3,,1,011,"SR-99 N/B","POWERLINE RD",0.00,,Y,A,-,Y,,,99,,,,,,N,Y,1,1,1,2,A,-,09,21801,A,N,D,C,A,A,H,-,A,D,0,,,,Y,Y,,M,47,0,0,1,0,0,0,0,0,0,"- ","- ",38.885551452636719,-121.57047271728516,SUTTER,UNINCORPORATED,-121.5704345703125,38.885581970214844
90821291,2018,2018-09-26,9285,2018-09-10,2308,018108,,1,3,9,5100,0,1,3,,1,011,"SR-99 N/B","SR-99 N/B FROM W/B GARDEN HWY.",15.00,N,N,A,-,Y,,,99,,,,,,N,Y,2,0,1,2,A,-,03,22350,,N,E,I,A,A,H,-,D,D,0,,,,Y,Y,,A,01,1,0,0,0,0,0,0,0,0,"- ","- ",38.896949768066406,-121.58210754394531,SUTTER,UNINCORPORATED,-121.58216857910156,38.896892547607422