CASE_ID,ACCIDENT_YEAR,PROC_DATE,JURIS,COLLISION_DATE,COLLISION_TIME,OFFICER_ID,REPORTING_DISTRICT,DAY_OF_WEEK,CHP_SHIFT,POPULATION,CNTY_CITY_LOC,SPECIAL_COND,BEAT_TYPE,CHP_BEAT_TYPE,CITY_DIVISION_LAPD,CHP_BEAT_CLASS,BEAT_NUMBER,PRIMARY_RD,SECONDARY_RD,DISTANCE,DIRECTION,INTERSECTION,WEATHER_1,WEATHER_2,STATE_HWY_IND,CALTRANS_COUNTY,CALTRANS_DISTRICT,STATE_ROUTE,ROUTE_SUFFIX,POSTMILE_PREFIX,POSTMILE,LOCATION_TYPE,RAMP_INTERSECTION,SIDE_OF_HWY,TOW_AWAY,COLLISION_SEVERITY,NUMBER_KILLED,NUMBER_INJURED,PARTY_COUNT,PRIMARY_COLL_FACTOR,PCF_CODE_OF_VIOL,PCF_VIOL_CATEGORY,PCF_VIOLATION,PCF_VIOL_SUBSECTION,HIT_AND_RUN,TYPE_OF_COLLISION,MVIW,PED_ACTION,ROAD_SURFACE,ROAD_COND_1,ROAD_COND_2,LIGHTING,CONTROL_DEVICE,CHP_ROAD_TYPE,PEDESTRIAN_ACCIDENT,BICYCLE_ACCIDENT,MOTORCYCLE_ACCIDENT,TRUCK_ACCIDENT,NOT_PRIVATE_PROPERTY,ALCOHOL_INVOLVED,STWD_VEHTYPE_AT_FAULT,CHP_VEHTYPE_AT_FAULT,COUNT_SEVERE_INJ,COUNT_VISIBLE_INJ,COUNT_COMPLAINT_PAIN,COUNT_PED_KILLED,COUNT_PED_INJURED,COUNT_BICYCLIST_KILLED,COUNT_BICYCLIST_INJURED,COUNT_MC_KILLED,COUNT_MC_INJURED,PRIMARY_RAMP,SECONDARY_RAMP,LATITUDE,LONGITUDE,COUNTY,CITY,POINT_X,POINT_Y
90821320,2018,2018-09-26,9285,2018-08-30,1945,017382,,4,2,9,5100,0,3,5,,1,007,"PASS RD","ACACIA AVENUE",5280.00,E,N,A,-,N,,,,,,,,,,N,2,0,1,1,A,-,03,22350,,N,B,I,A,A,H,-,B,D,0,,,Y,,Y,,C,02,1,0,0,0,0,0,0,0,1,"- ","- ",39.183990478515625,-121.76537322998047,SUTTER,UNINCORPORATED,-121.75337982177734,39.173580169677734
90825319,2018,2018-10-01,9285,2018-09-02,1432,018768,,7,2,9,5100,0,1,3,,1,051,SR-99,"OBANION RD",0.00,,Y,A,-,Y,,,99,,,,,,,Y,1,1,2,2,A,-,09,21802,A,N,D,C,A,A,H,-,A,A,0,,,,,Y,,A,01,2,0,0,0,0,0,0,0,0,"- ","- ",39.025379180908203,-121.63471221923828,SUTTER,UNINCORPORATED,-121.63471984863281,39.025379180908203
90825544,2018,2018-10-01,9285,2018-09-17,1400,017382,,1,2,9,5100,0,2,4,,1,073,"FRANKLIN RD","ACACIA AVENUE",7920.00,W,N,A,-,N,,,,,,,,,,Y,2,0,2,1,A,-,08,22107,,N,F,J,A,A,H,-,A,D,0,,,,,Y,,A,01,1,1,0,0,0,0,0,0,0,"- ","- ",39.128040313720703,-121.78117370605469,SUTTER,UNINCORPORATED,-121.78310394287109,39.128101348876953
90827144,2018,2019-02-13,9285,2018-08-31,0721,014401,,5,1,9,5100,0,3,5,,1,007,"TOWNSHIP RD",SR-20,8.00,N,N,A,-,Y,,,,,,,,,,Y,1,1,0,2,A,-,08,22107,,N,D,C,A,A,H,-,A,A,0,,,,,Y,,A,08,0,0,0,0,0,0,0,0,0,"- ","- ",39.141590118408203,-121.68888092041016,SUTTER,UNINCORPORATED,-121.68887329101562,39.141483306884766
90833594,2018,2019-06-27,9285,2018-08-31,1232,013174,,5,1,9,5100,0,1,3,,1,010,SR-70,"KEMPTON RD",1148.00,S,N,A,-,Y,,,70,,,,,,,Y,1,2,1,2,A,-,01,23152,F,N,A,C,A,A,H,-,A,D,0,,,,,Y,,A,01,1,0,0,0,0,0,0,0,0,"- ","- ",38.950698852539062,-121.54374694824219,SUTTER,UNINCORPORATED,-121.54361724853516,38.950698852539062
90837667,2018,2018-10-17,9285,2018-09-20,1010,015976,,4,1,9,5100,0,1,3,,1,072,SR-20,"CENTRAL ST",1584.00,W,N,A,-,Y,,,20,,,,,,,Y,2,0,3,3,A,-,08,22107,,N,B,C,A,A,H,-,A,D,0,,,,Y,Y,,D,22,1,1,1,0,0,0,0,0,0,"- ","- ",39.144870758056641,-121.90670776367188,SUTTER,UNINCORPORATED,-121.90668487548828,39.144939422607422
90839578,2018,2018-10-19,9285,2018-08-13,2104,016426,,1,2,9,5100,0,3,5,,1,005,"SOUTH TOWNSHIP ROAD","LINCOLN ROAD",2112.00,N,N,A,-,N,,,,,,,,,,Y,1,1,0,2,A,-,17,21200,,N,C,G,A,A,H,-,D,D,0,,Y,,,Y,Y,L,04,0,0,0,0,0,1,0,0,0,"- ","- ",39.118881225585938,-121.68914794921875,SUTTER,UNINCORPORATED,-121.68917846679688,39.118270874023438
90847684,2018,2018-10-29,9285,2018-10-23,1700,019478,,2,2,9,5100,0,1,3,,1,011,SR-99,"POWERLINE RD",175.00,S,N,A,-,Y,,,99,,,,,,,Y,2,0,3,2,A,-,09,21801,A,N,D,C,A,A,H,-,A,A,0,,,,,Y,,D,22,2,0,1,0,0,0,0,0,0,"- ","- ",38.884880065917969,-121.56992340087891,SUTTER,UNINCORPORATED,-121.56985473632812,38.884933471679688
90848627,2018,2018-11-15,9285,2018-10-12,1907,019431,,5,2,9,5100,0,1,3,,1,051,SR-99,"HUNN ROAD",764.00,N,N,A,-,Y,,,99,,,,,,,Y,1,1,1,2,A,-,08,22107,,N,A,C,A,A,H,-,C,D,0,,,,,Y,,A,01,0,0,1,0,0,0,0,0,0,"- ","- ",39.124099731445312,-121.63459777832031,SUTTER,UNINCORPORATED,-121.63463592529297,39.124099731445312
90866287,2018,2018-11-26,9285,2018-11-19,0910,019223,,1,1,9,5100,0,1,3,,1,051,SR-99,"OSWALD ROAD",0.00,,Y,A,-,Y,,,99,,,,,,,Y,1,1,1,2,A,-,09,21802,A,N,D,C,A,A,H,-,A,A,0,,,,,Y,,A,01,0,0,1,0,0,0,0,0,0,"- ","- ",39.069019317626953,-121.63352966308594,SUTTER,UNINCORPORATED,-121.63349914550781,39.069019317626953
90888175,2018,2018-12-21,9285,2018-12-14,1221,013174,,5,1,9,5100,0,1,3,,1,011,SR-99,"POWERLINE ROAD",0.00,,Y,B,-,Y,,,99,,,,,,,Y,1,2,2,3,A,-,09,21802,A,N,D,C,A,A,H,-,A,A,0,,,,,Y,,A,01,1,0,1,0,0,0,0,0,0,"- ","- ",38.885311126708984,-121.57002258300781,SUTTER,UNINCORPORATED,-121.57011413574219,38.885223388671875
90889048,2018,2018-12-24,9285,2018-12-17,0014,018522,,1,3,9,5100,0,1,3,,1,011,"SR-99 N/B","RIEGO ROAD",4224.00,N,N,C,-,Y,,,99,,,,,,N,Y,1,1,1,2,A,-,08,22107,,N,D,C,A,B,H,-,D,D,0,,,,,Y,,D,22,1,0,0,0,0,0,0,0,0,"- ","- ",38.762660980224609,-121.54340362548828,SUTTER,UNINCORPORATED,-121.54341888427734,38.762660980224609
90902453,2019,2019-01-11,9285,2019-01-03,0800,015849,,4,1,9,5100,0,1,3,,1,011,SR-99,"CENTRAL AVE",0.00,,N,A,-,Y,,,99,,,,,,,Y,2,0,2,1,A,-,08,22107,,N,E,I,A,A,H,-,A,D,0,,,,,Y,,A,01,2,0,0,0,0,0,0,0,0,"- ","- ",38.957710266113281,-121.60665130615234,SUTTER,UNINCORPORATED,-121.60677337646484,38.957710266113281
90914539,2019,2019-10-11,9285,2019-01-18,2300,013174,,5,3,9,5100,0,3,5,,1,001,"PLEASANT GROVE RD","CORNELIUS AVE",2796.00,S,N,B,-,N,,,,,,,,,,Y,1,1,0,1,A,-,03,22350,,N,F,J,A,B,F,-,D,D,0,,,,,Y,,A,01,0,0,0,0,0,0,0,0,0,"- ","- ",38.918209075927734,-121.48770904541016,SUTTER,UNINCORPORATED,-121.48775482177734,38.918003082275391
90915511,2019,2019-01-30,9285,2019-01-26,1355,013174,,6,1,9,5100,0,1,3,,2,031,SR-113,"PELGER RD",2850.00,S,N,A,-,Y,,,113,,,,,,,Y,2,0,1,1,A,-,08,22107,,N,E,I,A,A,H,-,A,D,0,,,,,Y,,A,01,1,0,0,0,0,0,0,0,0,"- ","- ",38.94464111328125,-121.67976379394531,SUTTER,UNINCORPORATED,-121.67971038818359,38.944622039794922
90944118,2019,2019-03-12,9285,2019-03-02,1535,019085,,6,2,9,5100,0,1,3,,1,051,SR-99,"OSWALD RD",0.00,,Y,B,-,Y,,,99,,,,,,,Y,2,0,2,2,A,-,09,21802,A,N,D,C,A,B,H,-,A,A,0,,,,,Y,,A,01,1,1,0,0,0,0,0,0,0,"- ","- ",39.068588256835938,-121.63330841064453,SUTTER,UNINCORPORATED,-121.63336944580078,39.068592071533203
90965737,2019,2019-04-11,9285,2019-03-30,1830,018632,,6,2,9,5100,0,2,4,,1,052,"GARDEN HWY","STAR BEND RD",2112.00,N,N,A,-,N,,,,,,,,,,Y,2,0,2,1,A,-,08,22107,,N,F,A,A,A,H,-,A,D,0,,,,,Y,,A,01,1,0,1,0,0,0,0,0,0,"- ","- ",39.016471862792969,-121.61551666259766,SUTTER,UNINCORPORATED,-121.6153564453125,39.016098022460938
9097866,2020,2020-09-22,5102,2020-02-27,2250,4106,4,4,5,4,5102,0,0,0,,0,004,"RT 20","GRAY AV",95.00,W,N,A,-,Y,SUT,3,20,-,-,15.780,H,-,E,Y,2,0,1,2,A,-,03,22350,,N,C,C,A,A,H,-,C,A,0,,,Y,,Y,,C,02,1,0,0,0,0,0,0,0,1,"- ","- ",,,SUTTER,"YUBA CITY",-121.630859375,39.141693115234375
90990838,2019,2019-05-17,9285,2019-05-04,2150,019830,,6,2,9,5100,0,1,3,,2,031,SR-113,"JENNINGS CT",175.00,N,N,A,-,Y,,,113,,,,,,,Y,1,3,2,5,A,-,01,23152,A,N,E,I,F,A,H,-,D,D,0,Y,,,,Y,Y,D,22,1,1,0,3,1,0,0,0,0,"- ","- ",38.8118896484375,-121.71446228027344,SUTTER,UNINCORPORATED,-121.71452331542969,38.811904907226562
91012161,2019,2019-10-01,9285,2019-05-08,1616,017382,,3,2,9,5100,0,1,3,,1,010,SR-70,"STRIPLIN RD",1584.00,S,N,A,-,Y,,,70,,,,,,,Y,1,1,0,2,A,-,01,23152,A,N,D,C,A,A,H,-,A,D,0,,,,,Y,Y,A,01,0,0,0,0,0,0,0,0,0,"- ","- ",38.853279113769531,-121.54438018798828,SUTTER,UNINCORPORATED,-121.54438018798828,38.853279113769531
91012470,2019,2019-06-18,9285,2019-06-15,1206,014401,,6,1,9,5100,0,3,5,,1,007,"PASS ROAD","KELLOGG ROAD",2567.00,E,N,A,-,N,,,,,,,,,,Y,1,1,0,1,A,-,08,22107,,N,E,I,A,A,H,-,A,D,0,,,,,Y,,A,01,0,0,0,0,0,0,0,0,0,"- ","- ",39.186309814453125,-121.77317810058594,SUTTER,UNINCORPORATED,-121.77329254150391,39.186305999755859
91016519,2019,2019-06-24,9285,2019-06-18,1636,014480,,2,2,9,5100,0,1,3,,1,010,SR-70,"KEMPTON RD",0.00,,Y,A,-,Y,,,70,,,,,,,Y,1,1,0,2,A,-,09,21801,A,N,D,C,A,A,H,-,A,D,0,,,,,Y,,A,01,0,0,0,0,0,0,0,0,0,"- ","- ",38.953620910644531,-121.54355621337891,SUTTER,UNINCORPORATED,-121.54358673095703,38.953620910644531
91029727,2019,2019-07-12,9285,2019-07-06,0535,018561,,6,3,9,5100,0,1,3,,2,031,SR-113,"SUBACCO RD",19.00,N,N,A,-,Y,,,113,,,,,,,Y,2,0,5,2,A,-,05,21752,D,N,D,C,A,A,H,-,B,D,0,,,,,Y,,A,07,1,2,2,0,0,0,0,0,0,"- ","- ",38.923290252685547,-121.68773651123047,SUTTER,UNINCORPORATED,-121.68773651123047,38.923286437988281
91051888,2019,2019-08-14,9285,2019-07-26,1935,015976,,5,2,9,5100,0,3,5,,1,007,"PENNINGTON RD.","KREHE RD",3696.00,W,N,A,-,N,,,,,,,,,,Y,2,0,5,1,A,-,08,22107,,N,E,J,A,A,H,-,A,D,0,,,,,Y,,A,01,2,2,1,0,0,0,0,0,0,"- ","- ",39.275588989257812,-121.73867034912109,SUTTER,UNINCORPORATED,-121.73796844482422,39.275581359863281
91053920,2019,2019-08-19,9285,2019-08-15,1748,020106,,4,2,9,5100,0,1,3,,1,051,SR-99,"BOGUE RD",100.00,S,N,A,-,Y,,,99,,,,,,,Y,2,0,4,5,A,-,01,23152,A,N,B,C,A,A,H,-,A,A,0,,,,,Y,Y,A,01,2,0,2,0,0,0,0,0,0,"- ","- ",39.097831726074219,-121.63449859619141,SUTTER,UNINCORPORATED,-121.63455963134766,39.097831726074219
91054099,2019,2020-08-11,9285,2019-08-09,2230,019830,,5,3,9,5100,0,3,5,,1,001,"PLEASANT GROVE RD","HOWSLEY RD",21.00,S,N,A,-,N,,,,,,,,,,Y,2,0,1,1,A,-,01,23152,A,N,E,I,A,A,H,-,D,A,0,,,,,Y,Y,A,01,1,0,0,0,0,0,0,0,0,"- ","- ",38.823848724365234,-121.4881591796875,SUTTER,UNINCORPORATED,-121.48825073242188,38.823978424072266
91103390,2019,2019-10-23,9285,2019-10-12,0345,019223,,6,3,9,5100,0,3,5,,1,005,"GARDEN HIGHWAY","STEWART RD",1298.00,S,N,A,-,N,,,,,,,,,,Y,2,0,2,1,A,-,01,23152,A,N,E,I,A,A,H,-,D,D,0,,,,,Y,Y,A,01,1,1,0,0,0,0,0,0,0,"- ","- ",39.083759307861328,-121.60646057128906,SUTTER,UNINCORPORATED,-121.60649108886719,39.083839416503906
91111778,2019,2019-11-05,9285,2019-10-10,1510,019478,,4,2,9,5100,0,1,3,,1,072,SR-20,"LYTLE RD",415.00,E,N,A,-,Y,,,20,,,,,,,Y,1,1,0,2,A,-,03,22350,,N,C,C,A,A,H,-,A,A,0,,,,,Y,,D,22,0,0,0,0,0,0,0,0,0,"- ","- ",39.141590118408203,-121.71186065673828,SUTTER,UNINCORPORATED,-121.71186065673828,39.141609191894531
91120278,2019,2019-11-14,9285,2019-11-03,0835,013174,,7,1,9,5100,0,3,5,,1,007,"W. BUTTE ROAD","PASS RD",3168.00,N,N,A,-,N,,,,,,,,,,Y,2,0,1,1,A,-,08,22107,,N,E,J,A,A,H,-,A,D,0,,,Y,,Y,,C,02,1,0,0,0,0,0,0,0,1,"- ","- ",39.196498870849609,-121.89447021484375,SUTTER,UNINCORPORATED,-121.89170074462891,39.194145202636719
91123701,2019,2019-11-19,9285,2019-11-10,1415,017118,,7,2,9,5100,0,2,4,,1,073,"FRANKLIN ROAD","N. TOWNSHIP ROAD",0.00,,Y,A,-,N,,,,,,,,,,Y,2,0,5,2,A,-,12,22450,A,N,D,C,A,A,H,-,A,A,0,,,,,Y,,A,07,2,3,0,0,0,0,0,0,0,"- ","- ",39.126998901367188,-121.68921661376953,SUTTER,UNINCORPORATED,-121.68905639648438,39.127021789550781
91174145,2020,2020-01-27,9285,2020-01-17,0430,020107,,5,3,9,5100,0,3,5,,1,001,"PLEASANT GROVE RD","KEMPTON RD",2576.00,S,N,A,-,N,,,,,,,,,,Y,2,0,1,1,A,-,08,22107,,N,E,I,A,A,H,-,D,D,0,,,,,Y,,A,01,1,0,0,0,0,0,0,0,0,"- ","- ",38.947559356689453,-121.48770141601562,SUTTER,UNINCORPORATED,-121.48764038085938,38.947555541992188
91177583,2020,2020-01-31,9285,2020-01-20,1830,016343,,1,2,9,5100,0,1,3,,1,072,"SR-20 W/B","COLUSA FRONTAGE RD",162.00,E,N,A,-,Y,,,20,,,,,,W,Y,2,0,1,1,A,-,08,22107,,N,F,J,A,A,H,-,D,D,0,,,,,Y,,D,22,1,0,0,0,0,0,0,0,0,"- ","- ",39.141780853271484,-121.71156311035156,SUTTER,UNINCORPORATED,-121.71156311035156,39.141780853271484
91183486,2020,2020-02-10,9285,2020-01-05,0125,019830,,7,3,9,5100,0,1,3,,1,011,SR-99,"GARDEN HWY",1584.00,S,N,E,-,Y,,,99,,,,,,,Y,1,1,2,1,A,-,03,22350,,N,F,A,A,B,H,-,C,D,0,,,,,Y,,A,01,1,1,0,0,0,0,0,0,0,"- ","- ",38.894500732421875,-121.57990264892578,SUTTER,UNINCORPORATED,-121.57978820800781,38.894615173339844
91207960,2020,2020-03-13,9285,2020-02-21,1844,018636,,5,2,9,5100,0,1,3,,2,031,SR-113,"KNIGHTS RD",229.00,S,N,A,-,Y,,,113,,,,,,,Y,1,1,1,2,A,-,05,21460,C,N,A,C,A,A,H,-,D,D,0,,,,,Y,,A,01,0,0,1,0,0,0,0,0,0,"- ","- ",38.840370178222656,-121.71881103515625,SUTTER,UNINCORPORATED,-121.71875,38.840362548828125
91230954,2020,2020-11-03,9285,2020-04-19,1829,020096,,7,2,9,5100,0,1,3,,1,072,SR-20,"TARKE ROAD",235.00,E,N,A,-,Y,,,20,,,,,,,Y,1,1,1,2,A,-,01,23152,A,N,E,I,A,A,H,-,A,D,0,,,,,Y,Y,A,01,1,0,0,0,0,0,0,0,0,"- ","- ",39.1431884765625,-121.84163665771484,SUTTER,UNINCORPORATED,-121.84164428710938,39.143215179443359
91234559,2020,2020-05-06,9285,2020-04-18,0442,021460,,6,3,9,5100,0,1,3,,1,051,SR-99,"HUTCHINSON ROAD",1175.00,S,N,A,-,Y,,,99,,,,,,,Y,1,2,1,2,A,-,08,22107,,N,A,C,A,A,H,-,D,A,0,,,,,Y,,A,08,1,0,0,0,0,0,0,0,0,"- ","- ",39.036590576171875,-121.63475036621094,SUTTER,UNINCORPORATED,-121.63471984863281,39.036590576171875
91239478,2020,2020-05-19,9285,2020-05-16,1815,018475,,6,2,9,5100,0,3,5,,1,005,"PROGRESS RD","OSWALD RD",3100.00,S,N,B,-,N,,,,,,,,,,Y,2,0,4,1,A,-,01,23152,A,N,F,A,A,A,H,-,A,D,0,,,,,Y,Y,A,01,2,2,0,0,0,0,0,0,0,"- ","- ",39.061851501464844,-121.80113220214844,SUTTER,UNINCORPORATED,-121.80046844482422,39.061225891113281
91265073,2020,2020-07-08,9285,2020-06-29,1825,018632,,1,2,9,5100,0,3,5,,1,001,"SANKEY RD","LOCUST RD",481.00,W,N,A,-,N,,,,,,,,,,N,2,0,1,2,A,-,03,22350,,F,C,G,A,A,H,-,A,D,0,,Y,,,Y,,-,99,1,0,0,0,0,0,1,0,0,"- ","- ",38.780651092529297,-121.47161865234375,SUTTER,UNINCORPORATED,-121.47149658203125,38.780624389648438
91266944,2020,2020-07-10,9285,2020-07-07,1720,014480,,2,2,9,5100,0,1,3,,1,011,SR-99,"STRIPLIN RD",3168.00,S,N,A,-,Y,,,99,,,,,,,Y,1,1,1,2,A,-,08,22107,,N,A,C,A,A,H,-,A,D,0,,,,,Y,,A,01,1,0,0,0,0,0,0,0,0,"- ","- ",38.859039306640625,-121.54859161376953,SUTTER,UNINCORPORATED,-121.54860687255859,38.859024047851562
91268438,2020,2020-07-14,9285,2020-07-05,0115,020106,,7,3,9,5100,0,1,3,,1,011,SR-99,"SANKEY RD",1265.00,S,N,A,-,Y,,,99,,,,,,,Y,2,0,1,2,C,-,18,,,N,A,C,A,A,H,-,D,D,0,,,,,Y,,-,"- ",1,0,0,0,0,0,0,0,0,"- ","- ",38.775981903076172,-121.54344177246094,SUTTER,UNINCORPORATED,-121.54344940185547,38.775981903076172
91272538,2020,2020-09-21,9285,2020-07-05,0110,020106,,7,3,9,5100,0,1,3,,1,011,SR-99,"SANKEY RD",1330.00,S,N,A,-,Y,,,99,,,,,,,Y,1,2,0,2,A,-,05,21651,C,N,A,C,A,A,H,-,D,D,0,,,,,Y,Y,D,22,0,0,0,0,0,0,0,0,0,"- ","- ",38.77587890625,-121.54347991943359,SUTTER,UNINCORPORATED,-121.54344940185547,38.77587890625
91300858,2020,2020-09-08,9285,2020-09-05,1615,018475,,6,2,9,5100,0,3,5,,1,001,"GARDEN HWY","LEE RD",1730.00,S,N,A,-,N,,,,,,,,,,Y,2,0,1,1,A,-,01,23152,A,N,F,A,A,A,H,-,A,D,0,,,Y,,Y,Y,C,02,1,0,0,0,0,0,0,0,1,"- ","- ",38.878341674804688,-121.61235046386719,SUTTER,UNINCORPORATED,-121.61146545410156,38.8804931640625
91336137,2020,2020-11-02,9285,2020-10-25,1445,018475,,7,2,9,5100,0,1,3,,1,072,SR-20,"4TH STREET",0.00,,Y,A,-,Y,,,20,,,,,,,Y,2,0,3,2,A,-,08,22100,A,N,D,C,A,A,H,-,A,A,0,,,,,Y,,A,01,1,0,2,0,0,0,0,0,0,"- ","- ",39.14569091796875,-121.91345977783203,SUTTER,UNINCORPORATED,-121.91345977783203,39.145725250244141
91340526,2020,2020-11-05,9285,2020-10-26,1957,016343,,1,2,9,5100,0,3,5,,1,005,"FRANQUETTE DR","TEESDALE RD",62.00,S,N,A,-,N,,,,,,,,,,N,2,0,1,2,A,-,17,21200,,N,B,E,A,A,H,-,C,D,0,,Y,,,Y,Y,L,04,1,0,0,0,0,0,1,0,0,"- ","- ",39.105220794677734,-121.63014221191406,SUTTER,UNINCORPORATED,-121.63008117675781,39.105258941650391
91350658,2020,2020-11-20,9285,2020-11-01,1043,018291,,7,1,9,5100,0,3,5,,1,005,"S. TOWNSHIP RD.","LINCOLN RD.",1281.00,S,N,A,-,N,,,,,,,,,,N,1,1,0,2,A,-,11,21956,A,N,G,B,E,A,H,-,A,D,0,Y,,,,Y,,N,60,0,0,0,1,0,0,0,0,0,"- ","- ",39.109119415283203,-121.68930816650391,SUTTER,UNINCORPORATED,-121.68927001953125,39.108951568603516
91353712,2020,2020-11-25,9285,2020-11-19,0605,013174,,4,1,9,5100,0,1,3,,2,031,SR-113,"PELGER RD",4200.00,S,N,E,-,Y,,,113,,,,,,,Y,2,0,2,2,A,-,06,21750,A,N,B,C,A,A,H,-,D,D,0,,,,Y,Y,,A,08,1,0,1,0,0,0,0,0,0,"- ","- ",38.941879272460938,-121.68080139160156,SUTTER,UNINCORPORATED,-121.68074798583984,38.941860198974609
91357345,2020,2020-12-03,9285,2020-10-22,0502,019830,,4,3,9,5100,0,1,3,,1,071,SR-99,"PASEO RD",1056.00,N,N,A,-,Y,,,99,,,,,,,Y,1,1,2,1,A,-,01,23152,F,N,E,I,A,A,H,-,D,D,0,,,,,Y,,A,01,1,1,0,0,0,0,0,0,0,"- ","- ",39.252548217773438,-121.65347290039062,SUTTER,UNINCORPORATED,-121.65322113037109,39.252643585205078
91387570,2021,2021-01-14,9285,2021-01-03,1145,013174,,7,1,9,5100,0,2,4,,1,052,"GARDEN HWY","STEWART RD",1468.00,S,N,A,-,N,,,,,,,,,,Y,1,1,0,1,A,-,08,22107,,N,E,I,A,A,H,-,A,D,0,,,,,Y,,A,01,0,0,0,0,0,0,0,0,0,"- ","- ",39.083290100097656,-121.60652923583984,SUTTER,UNINCORPORATED,-121.60646820068359,39.0833740234375
91414702,2021,2021-02-24,9285,2021-02-14,2500,015976,,7,4,9,5100,0,3,5,,1,007,"NUESTRO RD","TIERRA BUENA RD",200.00,W,N,B,-,N,,,,,,,,,,Y,2,0,1,1,A,-,08,22107,,N,E,I,A,A,H,-,D,D,0,,,,,Y,,A,07,1,0,0,0,0,0,0,0,0,"- ","- ",39.185188293457031,-121.66271209716797,SUTTER,UNINCORPORATED,-121.66297912597656,39.185256958007812
91420594,2021,2021-03-04,9285,2021-02-25,2145,018475,,4,2,9,5100,0,1,3,,2,031,SR-113,"RIGGINS RD",156.00,S,N,A,-,Y,,,113,,,,,,,Y,2,0,3,2,A,-,01,23152,A,N,A,C,A,A,H,-,D,D,0,,,,,Y,Y,A,01,3,0,0,0,0,0,0,0,0,"- ","- ",38.865070343017578,-121.70980834960938,SUTTER,UNINCORPORATED,-121.70975494384766,38.865047454833984
91423405,2021,2021-03-09,9285,2021-03-02,1530,016343,,2,2,9,5100,0,3,5,,1,007,"E BUTTE ROAD","BUTTE HOUSE RD",2640.00,N,N,A,-,N,,,,,,,,,,Y,2,0,1,1,A,-,08,22107,,N,F,A,A,A,H,-,A,D,0,,,,,Y,,A,07,1,0,0,0,0,0,0,0,0,"- ","- ",39.172019958496094,-121.71658325195312,SUTTER,UNINCORPORATED,-121.71662902832031,39.174007415771484
91437996,2021,2021-03-29,9285,2021-03-24,0035,021025,,3,3,9,5100,0,3,5,,1,001,"CRANMORE RD","DONAHUE RD",2000.00,S,N,A,G,N,,,,,,,,,,Y,2,0,1,1,A,-,01,23152,A,N,E,I,A,A,H,-,D,D,0,,,,,Y,Y,D,22,1,0,0,0,0,0,0,0,0,"- ","- ",38.851528167724609,-121.72271728515625,SUTTER,UNINCORPORATED,-121.72271728515625,38.851596832275391
91463074,2021,2021-04-30,9285,2021-04-15,1415,016343,,4,2,9,5100,0,3,5,,1,007,"ARCHER AVE","SHELDON AVE",307.00,W,N,A,-,N,,,,,,,,,,Y,1,1,1,1,A,-,01,23152,A,N,E,I,A,A,H,-,A,D,0,,,,,Y,Y,A,01,1,0,0,0,0,0,0,0,0,"- ","- ",39.272048950195312,-121.64541625976562,SUTTER,UNINCORPORATED,-121.64589691162109,39.272048950195312
91475981,2021,2021-05-27,9285,2021-05-14,1910,016343,,5,2,9,5100,0,3,5,,1,001,"RECLEMATION RD","MACKERT RD",1584.00,W,N,A,-,N,,,,,,,,,,Y,2,0,1,1,A,-,08,22107,,N,F,A,A,A,H,-,A,D,0,,,,,Y,,D,22,1,0,0,0,0,0,0,0,0,"- ","- ",38.8402099609375,-121.69032287597656,SUTTER,UNINCORPORATED,-121.69000244140625,38.839763641357422
91494782,2021,2021-06-11,9285,2021-04-22,0545,013174,,4,3,9,5100,0,3,5,,1,003,"RECLAMATION ROAD","TUDOR ROAD",1699.00,N,N,A,-,N,,,,,,,,,,Y,1,1,0,3,A,-,01,23152,F,N,A,C,A,A,H,-,D,A,0,,,,Y,Y,,D,22,0,0,0,0,0,0,0,0,0,"- ","- ",39.008541107177734,-121.77684020996094,SUTTER,UNINCORPORATED,-121.77677154541016,39.008472442626953