CASE_ID,ACCIDENT_YEAR,PROC_DATE,JURIS,COLLISION_DATE,COLLISION_TIME,OFFICER_ID,REPORTING_DISTRICT,DAY_OF_WEEK,CHP_SHIFT,POPULATION,CNTY_CITY_LOC,SPECIAL_COND,BEAT_TYPE,CHP_BEAT_TYPE,CITY_DIVISION_LAPD,CHP_BEAT_CLASS,BEAT_NUMBER,PRIMARY_RD,SECONDARY_RD,DISTANCE,DIRECTION,INTERSECTION,WEATHER_1,WEATHER_2,STATE_HWY_IND,CALTRANS_COUNTY,CALTRANS_DISTRICT,STATE_ROUTE,ROUTE_SUFFIX,POSTMILE_PREFIX,POSTMILE,LOCATION_TYPE,RAMP_INTERSECTION,SIDE_OF_HWY,TOW_AWAY,COLLISION_SEVERITY,NUMBER_KILLED,NUMBER_INJURED,PARTY_COUNT,PRIMARY_COLL_FACTOR,PCF_CODE_OF_VIOL,PCF_VIOL_CATEGORY,PCF_VIOLATION,PCF_VIOL_SUBSECTION,HIT_AND_RUN,TYPE_OF_COLLISION,MVIW,PED_ACTION,ROAD_SURFACE,ROAD_COND_1,ROAD_COND_2,LIGHTING,CONTROL_DEVICE,CHP_ROAD_TYPE,PEDESTRIAN_ACCIDENT,BICYCLE_ACCIDENT,MOTORCYCLE_ACCIDENT,TRUCK_ACCIDENT,NOT_PRIVATE_PROPERTY,ALCOHOL_INVOLVED,STWD_VEHTYPE_AT_FAULT,CHP_VEHTYPE_AT_FAULT,COUNT_SEVERE_INJ,COUNT_VISIBLE_INJ,COUNT_COMPLAINT_PAIN,COUNT_PED_KILLED,COUNT_PED_INJURED,COUNT_BICYCLIST_KILLED,COUNT_BICYCLIST_INJURED,COUNT_MC_KILLED,COUNT_MC_INJURED,PRIMARY_RAMP,SECONDARY_RAMP,LATITUDE,LONGITUDE,COUNTY,CITY,POINT_X,POINT_Y
91500612,2021,2023-01-19,9285,2021-06-14,2056,018475,,1,2,9,5100,0,3,5,,1,007,"TOWNSHIP RD","PASEO RD",2580.00,N,N,A,-,N,,,,,,,,,,Y,1,1,0,1,A,-,08,22107,,N,F,I,A,A,H,-,D,D,0,,,,,Y,,A,01,0,0,0,0,0,0,0,0,0,"- ","- ",39.254188537597656,-121.68730926513672,SUTTER,UNINCORPORATED,-121.68742370605469,39.257564544677734
91506975,2021,2021-06-25,9285,2021-06-23,2055,018561,,3,2,9,5100,0,1,3,,1,011,"N/B SR-99","SANKEY RD",953.00,S,N,A,-,Y,,,99,,,,,,,Y,2,0,1,1,A,-,08,22107,,N,F,A,A,A,H,-,B,D,0,,,,,Y,,A,07,1,0,0,0,0,0,0,0,0,"- ","- ",38.776630401611328,-121.54348754882812,SUTTER,UNINCORPORATED,-121.54342651367188,38.776626586914062
91516920,2021,2021-07-09,9285,2021-06-30,1735,018475,,3,2,9,5100,0,1,3,,1,051,"SR-99 NB","LINCOLN RD.",470.00,S,N,A,-,Y,,,99,,,,,,N,Y,2,0,3,5,A,-,01,23152,A,N,C,C,A,A,H,-,A,B,0,,,,,Y,Y,A,07,3,0,0,0,0,0,0,0,0,"- ","- ",39.111381530761719,-121.63462066650391,SUTTER,UNINCORPORATED,-121.63459777832031,39.111381530761719
91518213,2021,2021-07-12,9285,2021-06-20,1645,020106,,7,2,9,5100,0,1,3,,1,011,SR-99,"NICHOLAS AVENUE",0.00,,N,A,-,Y,,,99,,,,,,,Y,2,0,1,2,A,-,01,23152,A,N,C,C,A,A,H,-,A,D,0,,,,,Y,Y,D,22,1,0,0,0,0,0,0,0,0,"- ","- ",38.900199890136719,-121.5855712890625,SUTTER,UNINCORPORATED,-121.58560943603516,38.900161743164062
91524909,2021,2021-07-21,9285,2021-07-11,1000,016052,,7,1,9,5100,0,3,5,,1,007,"PASEO ROAD","GRAVES STREET",1644.00,W,N,A,-,N,,,,,,,,,,Y,1,1,0,1,A,-,03,22350,,N,E,I,A,A,H,-,A,D,0,,,,,Y,,A,01,0,0,0,0,0,0,0,0,0,"- ","- ",39.250240325927734,-121.66780853271484,SUTTER,UNINCORPORATED,-121.66776275634766,39.250190734863281
91529519,2021,2021-07-27,9285,2021-07-20,1840,020096,,2,2,9,5100,0,3,5,,1,007,"PASS ROAD","WEST BUTTE ROAD",7392.00,E,N,A,-,N,,,,,,,,,,Y,2,0,2,1,A,-,01,23152,A,M,E,I,A,A,H,-,A,D,0,,,,,Y,Y,A,01,1,1,0,0,0,0,0,0,0,"- ","- ",39.188499450683594,-121.85178375244141,SUTTER,UNINCORPORATED,-121.86244201660156,39.187767028808594
91543627,2021,2021-08-17,9285,2021-08-03,0537,021025,,2,3,9,5100,0,1,3,,1,010,"SR-70 N/B","KEMPTON RD",0.00,,Y,A,-,Y,,,,,,,,,,Y,2,0,1,2,A,-,17,24250,,N,D,C,A,A,H,-,B,A,0,,,,,Y,,A,01,1,0,0,0,0,0,0,0,0,"- ","- ",38.953720092773438,-121.54358673095703,SUTTER,UNINCORPORATED,-121.54360198974609,38.9537353515625
91588792,2021,2021-10-05,9285,2021-09-26,2040,021920,,7,2,9,5100,0,2,4,,1,073,"SR-99 N/B","CLARK RD",53.00,S,N,A,-,Y,,,99,,,,,,N,N,2,0,1,2,A,-,03,22350,,F,C,D,A,A,H,-,C,D,0,,,Y,,Y,Y,-,99,1,0,0,0,0,0,0,0,1,"- ","- ",39.232921600341797,-121.64586639404297,SUTTER,UNINCORPORATED,-121.64591217041016,39.232906341552734
91589864,2021,2021-10-06,9285,2021-09-26,1401,019223,,7,2,9,5100,0,3,5,,1,007,"N BUTTE RD","MEYERS LN",2546.00,W,N,A,-,N,,,,,,,,,,Y,2,0,1,1,C,-,18,,,N,E,H,A,A,H,-,A,D,0,,,Y,,Y,,-,"- ",1,0,0,0,0,0,0,0,1,"- ","- ",39.296409606933594,-121.82601928710938,SUTTER,UNINCORPORATED,-121.825927734375,39.296382904052734
91611943,2021,2021-11-01,9285,2021-10-27,0200,020454,,3,3,9,5100,0,1,3,,1,051,"SR-99 N/B","HUNN RD",540.00,N,N,A,-,Y,,,99,,,,,,N,Y,2,0,2,2,A,-,01,23152,A,N,C,C,A,A,H,-,D,D,0,,,,,Y,Y,A,01,1,1,0,0,0,0,0,0,0,"- ","- ",39.123329162597656,-121.63448333740234,SUTTER,UNINCORPORATED,-121.63451385498047,39.123329162597656
91611955,2021,2021-11-01,9285,2021-10-26,2340,020070,,2,3,9,5100,0,3,5,,1,007,"TOWNSHIP RD","PENNINGTON RD",3750.00,N,N,B,-,N,,,,,,,,,,Y,2,0,1,1,A,-,01,23152,A,N,E,I,A,A,H,-,D,D,0,,,,,Y,Y,A,01,1,0,0,0,0,0,0,0,0,"- ","- ",39.286399841308594,-121.68753051757812,SUTTER,UNINCORPORATED,-121.68757629394531,39.286258697509766
91620100,2021,2021-11-09,9285,2021-11-07,1650,018986,,7,2,9,5100,0,1,3,,1,010,"SR70 S/B","CORNELIUS AVE",1040.00,S,N,A,-,Y,,,,,,,,,,Y,2,0,1,1,A,-,01,23152,A,N,F,A,A,A,H,-,A,D,0,,,,,Y,Y,A,07,1,0,0,0,0,0,0,0,0,"- ","- ",38.922119140625,-121.54429626464844,SUTTER,UNINCORPORATED,-121.54419708251953,38.922225952148438
91689703,2022,2022-01-31,9285,2022-01-22,0019,021012,,6,3,9,5100,0,1,3,,1,011,"KEYS RD","PLEASANT GROVE RD",41.00,W,N,A,-,N,,,,,,,,,,N,2,0,1,1,A,-,01,23152,A,N,E,I,A,A,H,-,D,D,0,,,,,Y,Y,A,01,1,0,0,0,0,0,0,0,0,"- ","- ",38.795261383056641,-121.48394775390625,SUTTER,UNINCORPORATED,-121.48796844482422,38.794658660888672
91703196,2022,2022-02-17,9285,2022-02-11,1220,017382,,5,1,9,5100,0,3,5,,1,007,"PENNINGTON RD","KREHE RD",6600.00,W,N,A,-,N,,,,,,,,,,Y,2,0,1,1,A,-,08,22107,,N,E,J,A,A,H,-,A,D,0,,,,,Y,,D,22,1,0,0,0,0,0,0,0,0,"- ","- ",39.275440216064453,-121.74951934814453,SUTTER,UNINCORPORATED,-121.74822998046875,39.275482177734375
91713060,2022,2022-03-02,9285,2022-02-17,1710,016343,,4,2,9,5100,0,3,5,,1,007,"EAGER ROAD","TIERRA BUENA ROAD",0.00,,Y,A,-,N,,,,,,,,,,N,2,0,1,1,A,-,01,23152,A,N,E,I,A,A,H,-,A,D,0,,,,,Y,Y,A,01,1,0,0,0,0,0,0,0,0,"- ","- ",39.189308166503906,-121.66229248046875,SUTTER,UNINCORPORATED,-121.66213989257812,39.18939208984375
91718785,2022,2022-10-27,9285,2022-01-16,0153,021012,,7,3,9,5100,0,2,4,,1,052,SR-99,"GARDEN HIGHWAY",1439.00,S,N,E,-,Y,SUT,,99,,,11.725,H,,R,Y,1,1,1,2,A,-,01,23152,A,N,A,C,A,A,H,-,D,D,0,,,,,Y,Y,D,22,1,0,0,0,0,0,0,0,0,"- ","- ",38.895908355712891,-121.58100128173828,SUTTER,UNINCORPORATED,-121.58098602294922,38.895919799804688
91753584,2022,2022-04-21,9285,2022-04-11,1100,015976,,1,1,9,5100,0,1,3,,1,011,SR-99,"WILSON RD",0.00,,Y,B,G,Y,SUT,,99,,R,17.491,H,,R,Y,2,0,2,2,A,-,12,21453,A,N,D,C,A,A,H,-,A,A,0,,,,Y,Y,,G,27,1,1,0,0,0,0,0,0,0,"- ","- ",38.974891662597656,-121.61000061035156,SUTTER,UNINCORPORATED,-121.60981750488281,38.974971771240234
91755917,2022,2022-04-25,9285,2022-04-09,2038,019223,,6,2,9,5100,0,1,3,,1,051,SR-99,"JOHNSON AVE",181.00,S,N,A,-,Y,SUT,,99,,,23.828,H,,R,Y,2,0,1,2,A,-,07,21658,A,F,B,C,A,A,H,-,D,D,0,,,Y,,Y,,-,99,1,0,0,0,0,0,0,0,1,"- ","- ",39.043109893798828,-121.6346435546875,SUTTER,UNINCORPORATED,-121.63465118408203,39.043109893798828
91771808,2022,2022-05-13,9285,2022-05-07,1755,020096,,6,2,9,5100,0,3,5,,1,005,"VERNON AVE","ARDEN AVE",54.00,W,N,A,-,N,,,,,,,,,,N,2,0,1,2,B,-,22,,,N,B,E,A,A,H,-,A,D,0,,Y,,,Y,,L,04,1,0,0,0,0,0,1,0,0,"- ","- ",39.124969482421875,-121.63558197021484,SUTTER,UNINCORPORATED,-121.63558959960938,39.124919891357422
91796855,2022,2022-06-16,9285,2022-06-04,2500,016052,,6,4,9,5100,0,3,5,,1,003,"RECLAMATION ROAD","EVERGLADE ROAD",4880.00,S,N,A,-,N,,,,,,,,,,Y,1,1,0,1,A,-,08,22107,,N,F,A,A,A,H,-,D,D,0,,,,,Y,,A,07,0,0,0,0,0,0,0,0,0,"- ","- ",38.968971252441406,-121.762451171875,SUTTER,UNINCORPORATED,-121.76255035400391,38.969188690185547
91811171,2022,2022-07-06,9285,2022-06-25,0724,016052,,6,1,9,5100,0,3,5,,1,001,"POWERLINE ROAD","RIEGO ROAD",2466.00,S,N,A,-,N,,,,,,,,,,Y,1,1,0,1,A,-,08,22107,,N,E,I,A,A,H,-,A,D,0,,,,,Y,,A,01,0,0,0,0,0,0,0,0,0,"- ","- ",38.742820739746094,-121.57682800292969,SUTTER,UNINCORPORATED,-121.57682800292969,38.742866516113281
91818421,2022,2022-07-15,9285,2022-07-08,1850,019634,,5,2,9,5100,0,1,3,,1,011,"STATE HIGHWAY 99","SANKEY ROAD",3590.00,S,N,A,-,Y,SUT,,99,,,2.295,H,,R,Y,2,0,1,1,A,-,08,22107,,N,F,I,A,A,H,-,A,D,0,,,,,Y,,A,08,1,0,0,0,0,0,0,0,0,"- ","- ",38.769008636474609,-121.54312896728516,SUTTER,UNINCORPORATED,-121.54344940185547,38.769008636474609
9182179,2020,2020-12-07,5102,2020-10-15,0520,4076,4,4,5,4,5102,0,0,0,,0,004,"BRIDGE ST","HAWTHORNE ST",0.00,,Y,A,-,N,,,,,,,,,,Y,2,0,2,2,A,-,08,22107,,N,D,C,A,A,H,-,C,D,0,,,,,Y,,A,08,2,0,0,0,0,0,0,0,0,"- ","- ",,,SUTTER,"YUBA CITY",-121.62026977539062,39.133640289306641
91822510,2022,2023-03-08,9285,2022-07-19,0720,018632,,2,1,9,5100,0,1,3,,1,072,SR-20,"ACACIA AVENUE",2640.00,W,N,A,-,Y,SUT,,20,,,8.700,H,,R,N,1,1,0,2,A,-,11,21956,A,N,G,B,E,A,H,-,A,D,0,Y,,,,Y,,-,"- ",0,0,0,1,0,0,0,0,0,"- ","- ",39.142421722412109,-121.76277923583984,SUTTER,UNINCORPORATED,-121.76277923583984,39.142436981201172
91848430,2022,2022-08-25,9285,2022-08-14,1835,022294,,7,2,9,5100,0,1,3,,1,071,"E. BUTTE RD","SANDERS RD",2112.00,N,N,A,-,N,,,,,,,,,,N,1,1,0,1,A,-,08,22107,,N,F,A,A,A,H,-,A,D,0,,,Y,,Y,,C,06,0,0,0,0,0,0,0,1,0,"- ","- ",39.208339691162109,-121.71497344970703,SUTTER,UNINCORPORATED,-121.71497344970703,39.208148956298828
91866863,2022,2022-09-16,9285,2022-09-07,1055,015976,,3,1,9,5100,0,1,3,,1,011,SR-99,"W. CATLETT RD",0.00,,Y,A,-,Y,SUT,,99,,,7.080,H,,L,Y,2,0,1,2,A,-,08,22107,,N,D,C,A,A,H,-,A,A,0,,,,Y,Y,,A,01,1,0,0,0,0,0,0,0,0,"- ","- ",38.837600708007812,-121.54409027099609,SUTTER,UNINCORPORATED,-121.54390716552734,38.837600708007812
91873391,2022,2022-09-26,9285,2022-09-15,0350,020520,,4,3,9,5100,0,3,5,,1,001,"STRIPLIN RD","PLEASANT GROVE RD",0.00,,Y,A,-,N,,,,,,,,,,Y,2,0,3,2,A,-,12,22450,A,N,D,C,A,A,H,-,D,A,0,,,,,Y,,A,01,1,2,0,0,0,0,0,0,0,"- ","- ",38.867591857910156,-121.488037109375,SUTTER,UNINCORPORATED,-121.48801422119141,38.867580413818359
91875536,2022,2022-09-28,9285,2022-09-21,2022,020096,,3,2,9,5100,0,1,3,,1,072,SR-20,"HUMPHREY ROAD",0.00,,Y,B,-,Y,SUT,,20,,,10.682,H,,R,Y,2,0,10,2,A,-,01,23152,A,N,D,2,A,A,H,-,C,A,0,,,,,Y,,A,07,1,8,1,0,0,0,0,0,0,"- ","- ",39.141960144042969,-121.72605895996094,SUTTER,UNINCORPORATED,-121.72605895996094,39.141948699951172
91883767,2022,2022-10-06,9285,2022-09-28,1545,020096,,3,2,9,5100,0,1,3,,1,051,SR-99,"OSWALD ROAD",0.00,,Y,A,-,Y,SUT,,99,,,25.624,H,,R,Y,2,0,6,2,A,-,09,21802,A,N,D,C,A,A,H,-,A,A,0,,,,,Y,,A,01,2,4,0,0,0,0,0,0,0,"- ","- ",39.06903076171875,-121.63340759277344,SUTTER,UNINCORPORATED,-121.63336944580078,39.06903076171875
91888617,2022,2022-10-12,9285,2022-10-02,2130,021567,,7,2,9,5100,0,1,3,,1,011,SR99,"CATLETT RD",0.00,,Y,A,-,Y,SUT,,99,,,7.084,H,,R,Y,2,0,4,2,A,-,01,23152,A,N,C,2,A,A,H,-,C,D,0,,,Y,,Y,Y,A,07,2,0,2,0,0,0,0,0,2,"- ","- ",38.837669372558594,-121.54360961914062,SUTTER,UNINCORPORATED,-121.54355621337891,38.837669372558594
91897527,2022,2022-11-23,9285,2022-10-22,0107,022125,,6,3,9,5100,0,1,3,,1,072,SR-20,"HUMPHREY RD",0.00,,Y,A,-,Y,SUT,,20,,,10.678,H,,R,Y,1,1,2,2,A,-,01,23152,A,N,D,C,A,A,H,-,C,A,0,,,,,Y,Y,D,22,1,1,0,0,0,0,0,0,0,"- ","- ",39.141910552978516,-121.72611999511719,SUTTER,UNINCORPORATED,-121.72611999511719,39.141948699951172
9190498,2020,2020-12-22,5102,2020-11-15,1738,4106,2,7,5,4,5102,0,0,0,,0,,"STABLER LN","RT 20",0.00,,Y,A,-,Y,SUT,3,20,-,R,15.094,I,6,W,Y,2,0,3,3,A,-,01,23152,B,N,C,C,A,A,H,-,C,A,0,,,,,Y,Y,A,01,1,0,2,0,0,0,0,0,0,"- ","- ",,,SUTTER,"YUBA CITY",-121.64403533935547,39.141788482666016
91907498,2022,2022-11-02,9285,2022-10-25,0930,018632,,2,1,9,5100,0,2,4,,1,052,"LINCOLN RD","S. GEORGE WASHINGTON",0.00,,Y,A,-,N,,,,,,,,,,N,2,0,1,1,A,-,03,22350,,F,F,A,A,A,H,-,A,D,0,,Y,,,Y,,-,"- ",1,0,0,0,0,0,1,0,0,"- ","- ",39.112541198730469,-121.67183685302734,SUTTER,UNINCORPORATED,-121.67173767089844,39.112541198730469
9191785,2020,2021-02-01,5102,2020-11-07,1633,4128,5,6,5,4,5102,0,0,0,,0,005,"GARDEN HWY","BOGUE RD",672.00,S,N,A,-,N,,,,,,,,,,Y,2,0,1,2,A,-,21,22106,,N,D,C,A,A,H,-,A,D,0,,,Y,,Y,,A,01,1,0,0,0,0,0,0,0,1,"- ","- ",,,SUTTER,"YUBA CITY",-121.61547088623047,39.098968505859375
91923626,2022,2022-11-21,9285,2022-11-07,0052,022125,,1,3,9,5100,0,1,3,,1,071,SR-99,"LIVE OAK BLVD",528.00,N,N,C,-,Y,SUT,,99,,T,36.069,H,,R,Y,2,0,1,2,A,-,01,23152,A,N,B,2,A,B,H,-,C,A,0,,,,Y,Y,Y,D,22,1,0,0,0,0,0,0,0,0,"- ","- ",39.219451904296875,-121.64100646972656,SUTTER,UNINCORPORATED,-121.64097595214844,39.219448089599609
91935665,2022,2022-12-06,9285,2022-11-23,1003,018632,,3,1,9,5100,0,1,3,,1,011,SR-99,"SANKEY ROAD",2229.00,N,N,A,-,Y,SUT,,99,,,3.458,H,,R,Y,2,0,1,2,A,-,03,22350,,N,C,C,A,A,H,-,A,D,0,,,,Y,Y,,A,07,1,0,0,0,0,0,0,0,0,"- ","- ",38.785671234130859,-121.54373931884766,SUTTER,UNINCORPORATED,-121.54351806640625,38.785671234130859
91963033,2022,2023-01-09,9285,2022-12-25,2210,022094,,7,3,9,5100,0,2,4,,1,052,"GEORGE WASHINGTON BLVD","BOGUE ROAD",1584.00,S,N,B,E,N,,,,,,,,,,Y,1,1,1,2,A,-,08,22107,,N,A,C,A,B,H,-,D,D,0,,,,,Y,Y,A,07,1,0,0,0,0,0,0,0,0,"- ","- ",39.093891143798828,-121.67183685302734,SUTTER,UNINCORPORATED,-121.67179870605469,39.093734741210938
92012353,2023,2023-03-08,9285,2023-01-05,2255,020520,,4,3,9,5100,0,1,3,,1,051,"SR-99 S/B",SR-113,4461.00,N,N,B,-,Y,SUT,,99," "," ",21.901,H,,L,Y,1,1,1,2,A,-,05,21651,A,N,A,C,A,A,H,-,D,D,0,,,,Y,Y,,A,08,0,0,1,0,0,0,0,0,0,"- ","- ",39.015159606933594,-121.63468933105469,SUTTER,UNINCORPORATED,-121.63478088378906,39.015159606933594
92025703,2023,2023-03-22,9285,2023-02-20,2210,022320,,1,3,9,5100,0,1,3,,1,072,SR-20,"ACACIA AVENUE",3168.00,E,N,A,-,Y,SUT,,20," "," ",9.792,H,,R,Y,1,2,2,2,A,-,01,23152,A,F,A,C,A,A,H,-,C,D,0,,,,,Y,Y,D,22,2,0,0,0,0,0,0,0,0,"- ","- ",39.142311096191406,-121.74256896972656,SUTTER,UNINCORPORATED,-121.74257659912109,39.142154693603516
92027420,2023,2023-03-23,9285,2023-03-08,"945 ",015976,,3,1,9,5100,0,3,5,,1,005,"BARRY RD","S. WALTON AVE.",450.00,E,N,B,-,N,,,,,,,,,,Y,2,0,1,1,A,-,08,22107,,N,E,I,A,A,H,-,A,D,0,,,,,Y,,D,22,1,0,0,0,0,0,0,0,0,"- ","- ",39.076190948486328,-121.64225769042969,SUTTER,UNINCORPORATED,-121.64235687255859,39.076202392578125
92033028,2023,2023-03-30,9285,2023-03-16,2100,016343,,4,2,9,5100,0,1,3,,1,071,SR-99,"NEVADA ST",720.00,N,N,A,-,Y,SUT,,99," "," ",41.541,H,,R,Y,2,0,2,3,A,-,05,21460,A,N,A,C,A,A,H,-,D,D,0,,,,Y,Y,,A,07,1,0,1,0,0,0,0,0,0,"- ","- ",39.293479919433594,-121.66822814941406,SUTTER,UNINCORPORATED,-121.66829681396484,39.293464660644531
92050446,2023,2023-04-21,9285,2023-04-11,"240 ",022320,,2,3,9,5100,0,3,5,,1,005,"SECOND STREET","AIRPORT ROAD",34.00,S,N,B,-,N,,,,,,,,,,Y,2,0,1,1,A,-,01,23152,A,N,E,I,A,A,H,-,C,D,0,,,,,Y,Y,A,01,1,0,0,0,0,0,0,0,0,"- ","- ",39.124759674072266,-121.60128784179688,SUTTER,UNINCORPORATED,-121.60129547119141,39.124740600585938
92062669,2023,2023-05-05,9285,2023-04-25,1250,019085,,2,1,9,5100,0,1,3,,1,072,"RT 20","WYNCOOP RD",1742.00,E,N,A,-,Y,SUT,,20," "," ",7.986,H,,R,Y,1,2,2,3,A,-,05,21650,,N,B,C,A,A,H,-,A,D,0,,,,,Y,,A,07,1,1,0,0,0,0,0,0,0,"- ","- ",39.142948150634766,-121.77599334716797,SUTTER,UNINCORPORATED,-121.77597808837891,39.142982482910156
9207538,2020,2021-02-11,5102,2020-12-13,0108,4126,5,7,5,4,5102,0,0,0,,0,005,"RAILROAD AV","JAN CT",28.00,N,N,C,-,N,,,,,,,,,,Y,2,0,1,2,A,-,17,21658,B,N,C,E,A,B,H,-,C,D,0,,,,Y,Y,Y,A,01,1,0,0,0,0,0,0,0,0,"- ","- ",,,SUTTER,"YUBA CITY",-121.62269592285156,39.107498168945312
92098622,2023,2023-06-21,9285,2023-06-08,1415,016343,,4,2,9,5100,0,3,5,,1,007,"N TOWNSHIP ROAD","PENNINGTON ROAD",850.00,S,N,A,-,N,,,,,,,,,,Y,2,0,1,1,A,-,16,24002,A,N,F,A,A,A,H,-,A,D,0,,,Y,,Y,,-,"- ",1,0,0,0,0,0,0,0,1,"- ","- ",39.27362060546875,-121.68756866455078,SUTTER,UNINCORPORATED,-121.68753814697266,39.273624420166016
92111602,2023,2023-07-12,9285,2023-07-01,"100 ",022320,,6,3,9,5100,0,1,3,,1,011,"HOWSLEY ROAD",SR-99,1584.00,E,N,A,-,N,,,,,,,,,,Y,2,0,1,2,A,-,03,22350,,N,B,C,A,A,C,-,C,A,0,,,,,Y,,A,01,1,0,0,0,0,0,0,0,0,"- ","- ",38.8231201171875,-121.5386962890625,SUTTER,UNINCORPORATED,-121.53957366943359,38.822826385498047
9213072,2021,2021-02-08,5102,2021-01-01,0244,9003,2,5,5,4,5102,0,0,0,,0,002,"BRIDGE ST","RT 99",152.00,E,N,A,-,Y,SUT,3,99,-,-,30.030,I,6,N,Y,2,0,1,1,A,-,03,22350,,N,H,I,A,A,H,-,C,D,0,,,Y,,Y,,C,02,1,0,0,0,0,0,0,0,1,"- ","- ",,,SUTTER,"YUBA CITY",-121.63445281982422,39.132408142089844
92136499,2023,2023-08-04,9285,2023-07-26,1335,015976,,3,1,9,5100,0,1,3,,1,011,SR-99,"SANKEY RD",0.00,,Y,A,-,Y,SUT,,99," "," ",3.038,H,,R,Y,2,0,2,2,A,-,09,21801,A,N,D,C,A,A,H,-,A,D,0,,,,Y,Y,,G,26,2,0,0,0,0,0,0,0,0,"- ","- ",38.779499053955078,-121.54341888427734,SUTTER,UNINCORPORATED,-121.54338073730469,38.779499053955078
92147613,2023,2023-08-18,9285,2023-08-07,1900,016343,,1,2,9,5100,0,1,3,,1,071,SR-99,"KENT AVE",0.00,,Y,A,-,Y,SUT,,99," "," ",36.317,H,,R,Y,2,0,6,2,A,-,09,21802,A,N,D,C,A,A,H,-,A,A,0,,,,,Y,,A,07,2,4,0,0,0,0,0,0,0,"- ","- ",39.221149444580078,-121.6414794921875,SUTTER,UNINCORPORATED,-121.64150238037109,39.221145629882812
92165886,2023,2023-09-08,9285,2023-07-05,"830 ",021690,,3,1,9,5100,0,1,3,,1,072,"STATE ROUTE 20","ACACIA AVENUE",3065.00,E,N,A,-,Y,SUT,,20," "," ",9.760,H,,R,Y,1,1,2,3,A,-,05,21650,,N,A,C,A,A,H,-,A,D,0,,,,,Y,,A,01,1,1,0,0,0,0,0,0,0,"- ","- ",39.142288208007812,-121.74317169189453,SUTTER,UNINCORPORATED,-121.74317169189453,39.142166137695312
9217741,2021,2021-03-16,5102,2021-01-09,1516,4073,1,6,5,4,5102,0,0,0,,0,001,"FRANKLIN RD","HARDING RD",176.00,W,N,A,B,N,,,,,,,,,,N,2,0,1,2,A,-,08,22107,,N,A,G,A,A,H,-,-,D,0,,Y,,,Y,,L,04,1,0,0,0,0,0,1,0,0,"- ","- ",,,SUTTER,"YUBA CITY",-121.65376281738281,39.127204895019531
92202126,2023,2023-10-18,9285,2023-10-06,1833,022125,,5,2,9,5100,0,3,5,,1,001,"PLEASANT GROVE RD","MARCUM RD",0.00,,Y,A,-,N,,,,,,,,,,N,2,0,1,1,A,-,03,22350,,N,E,I,A,A,H,-,A,A,0,,,Y,,Y,,C,02,1,0,0,0,0,0,0,0,1,"- ","- ",38.896701812744141,-121.48796081542969,SUTTER,UNINCORPORATED,-121.48783111572266,38.89666748046875
9221266,2020,2021-02-09,5102,2020-12-29,1612,4091,3,2,5,4,5102,0,0,0,,0,003,"RT 20","ORANGE ST",111.00,E,N,A,-,Y,SUT,3,20,-,-,16.280,H,-,W,N,2,0,1,2,A,-,11,21954,A,N,D,B,D,A,H,-,A,D,0,Y,,,,Y,,N,60,1,0,0,0,1,0,0,0,0,"- ","- ",,,SUTTER,"YUBA CITY",-121.62167358398438,39.141510009765625
9221270,2020,2021-02-09,5102,2020-12-21,1455,4073,2,1,5,4,5102,0,0,0,,0,002,"RT 20","CIVIC CENTER BL",377.00,W,N,A,-,Y,SUT,3,20,-,R,15.320,H,-,W,Y,2,0,2,2,A,-,09,21804,A,N,D,C,A,A,H,-,A,D,0,,,,,Y,,A,01,1,0,1,0,0,0,0,0,0,"- ","- ",,,SUTTER,"YUBA CITY",-121.63985443115234,39.141845703125
92225729,2023,2023-11-01,9285,2023-10-23,"750 ",015976,,1,1,9,5100,0,3,5,,1,001,"PLEASANT GROVE RD","KEMPTON RD",1584.00,S,N,B,E,N,,,,,,,,,,Y,2,0,2,1,A,-,08,22107,,N,E,J,A,A,H,-,A,D,0,,,,,Y,,A,07,1,1,0,0,0,0,0,0,0,"- ","- ",38.950588226318359,-121.48760223388672,SUTTER,UNINCORPORATED,-121.48764038085938,38.950279235839844
92227271,2023,2023-11-03,9285,2023-10-27,1710,021154,,5,2,9,5100,0,1,3,,1,071,SR-99,"CLARK RD",0.00,,Y,A,-,Y,SUT,,99," "," ",37.170,H,,R,Y,2,0,2,2,A,-,09,21802,A,N,D,C,A,A,H,-,A,A,0,,,,,Y,,A,07,2,0,0,0,0,0,0,0,0,"- ","- ",39.233139038085938,-121.64597320556641,SUTTER,UNINCORPORATED,-121.64599609375,39.233135223388672