CASE_ID,ACCIDENT_YEAR,PROC_DATE,JURIS,COLLISION_DATE,COLLISION_TIME,OFFICER_ID,REPORTING_DISTRICT,DAY_OF_WEEK,CHP_SHIFT,POPULATION,CNTY_CITY_LOC,SPECIAL_COND,BEAT_TYPE,CHP_BEAT_TYPE,CITY_DIVISION_LAPD,CHP_BEAT_CLASS,BEAT_NUMBER,PRIMARY_RD,SECONDARY_RD,DISTANCE,DIRECTION,INTERSECTION,WEATHER_1,WEATHER_2,STATE_HWY_IND,CALTRANS_COUNTY,CALTRANS_DISTRICT,STATE_ROUTE,ROUTE_SUFFIX,POSTMILE_PREFIX,POSTMILE,LOCATION_TYPE,RAMP_INTERSECTION,SIDE_OF_HWY,TOW_AWAY,COLLISION_SEVERITY,NUMBER_KILLED,NUMBER_INJURED,PARTY_COUNT,PRIMARY_COLL_FACTOR,PCF_CODE_OF_VIOL,PCF_VIOL_CATEGORY,PCF_VIOLATION,PCF_VIOL_SUBSECTION,HIT_AND_RUN,TYPE_OF_COLLISION,MVIW,PED_ACTION,ROAD_SURFACE,ROAD_COND_1,ROAD_COND_2,LIGHTING,CONTROL_DEVICE,CHP_ROAD_TYPE,PEDESTRIAN_ACCIDENT,BICYCLE_ACCIDENT,MOTORCYCLE_ACCIDENT,TRUCK_ACCIDENT,NOT_PRIVATE_PROPERTY,ALCOHOL_INVOLVED,STWD_VEHTYPE_AT_FAULT,CHP_VEHTYPE_AT_FAULT,COUNT_SEVERE_INJ,COUNT_VISIBLE_INJ,COUNT_COMPLAINT_PAIN,COUNT_PED_KILLED,COUNT_PED_INJURED,COUNT_BICYCLIST_KILLED,COUNT_BICYCLIST_INJURED,COUNT_MC_KILLED,COUNT_MC_INJURED,PRIMARY_RAMP,SECONDARY_RAMP,LATITUDE,LONGITUDE,COUNTY,CITY,POINT_X,POINT_Y
92236825,2023,2023-11-15,9285,2023-11-06,1805,016343,,1,2,9,5100,0,1,3,,1,051,SR-99,"BOGUE ROAD",0.00,,Y,A,-,Y,SUT,,99," "," ",27.650,H,,R,Y,2,0,1,2,A,-,12,21453,A,N,D,C,A,A,H,-,C,A,0,,,Y,,Y,,C,02,1,0,0,0,0,0,0,0,1,"- ","- ",39.098308563232422,-121.63439178466797,SUTTER,UNINCORPORATED,-121.63442993164062,39.098308563232422
92251750,2023,2023-12-04,9285,2023-11-27,1655,016343,,1,2,9,5100,0,3,5,,1,007,"TIERRA BUENA ROAD","NUESTRO ROAD",675.00,S,N,A,-,N,,,,,,,,,,Y,2,0,1,1,A,-,01,23152,A,N,E,I,A,A,H,-,A,D,0,,,,,Y,Y,A,07,1,0,0,0,0,0,0,0,0,"- ","- ",39.183418273925781,-121.66230773925781,SUTTER,UNINCORPORATED,-121.66226196289062,39.183406829833984
92255962,2023,2023-12-07,9285,2023-11-28,1323,015976,,2,1,9,5100,0,3,5,,1,001,"OBANION RD.","GARDEN HWY",2320.00,W,N,A,-,N,,,,,,,,,,Y,2,0,1,2,A,-,09,21801,A,N,A,C,A,A,H,-,A,D,0,,,Y,,Y,,A,07,1,0,0,0,0,0,0,0,1,"- ","- ",39.025630950927734,-121.62544250488281,SUTTER,UNINCORPORATED,-121.62533569335938,39.025691986083984
92278982,2023,2024-01-04,9285,2023-12-30,1940,022294,,6,2,9,5100,0,1,3,,2,031,"GEORGE WASHINGTON BLVD",SR-113,190.00,N,N,A,-,Y,,,,,,,,,,Y,2,0,1,1,A,-,03,22350,,N,E,8,A,A,H,-,D,D,0,,,,,Y,,A,01,1,0,0,0,0,0,0,0,0,"- ","- ",39.003108978271484,-121.67195129394531,SUTTER,UNINCORPORATED,-121.67185974121094,39.003208160400391
92285832,2024,2024-01-12,9285,2024-01-05,1920,022534,,5,2,9,5100,0,3,5,,1,001,"STATE ROUTE 99","HOWSLEY ROAD",3772.00,S,N,A,-,Y,SUT,,99," "," ",5.115,H,,R,Y,2,0,2,1,A,-,03,22350,,N,F,A,A,A,H,-,C,A,0,,,,,Y,,-,"- ",2,0,0,0,0,0,0,0,0,"- ","- ",38.809978485107422,-121.54387664794922,SUTTER,UNINCORPORATED,-121.54354858398438,38.809982299804688
9230375,2021,2021-03-09,5102,2021-01-21,0516,4113,3,4,5,4,5102,0,0,0,,0,003,"LIVE OAK BL","NORTHGATE DR",400.00,N,N,A,-,N,,,,,,,,,,Y,2,0,1,1,A,-,08,22107,,N,E,I,A,A,H,-,D,D,0,,,,,Y,,-,,1,0,0,0,0,0,0,0,0,"- ","- ",,,SUTTER,"YUBA CITY",-121.62271881103516,39.160411834716797
92326739,2024,2024-02-29,9285,2024-02-27,1455,019085,,2,2,9,5100,0,3,5,,1,007,"SOUTH BUTTE RD","SOUTHRIDGE BLVD",1320.00,E,N,B,-,N,,,,,,,,,,N,2,0,1,1,A,-,03,22350,,N,F,A,A,A,H,-,A,D,0,,,Y,,Y,,C,02,1,0,0,0,0,0,0,0,1,"- ","- ",39.157188415527344,-121.79131317138672,SUTTER,UNINCORPORATED,-121.79148864746094,39.157062530517578
92335317,2024,2024-03-11,9285,2024-02-24,1747,022917,,6,2,9,5100,0,1,3,,1,051,"STATE ROUTE 99 SOUTHBOUND","REED RD",60.00,S,N,A,-,Y,SUT,,99," "," ",26.604,H,,L,Y,2,0,4,2,C,-,18,,,N,A,C,A,A,H,-,B,D,0,,,,,Y,,-,"- ",4,0,0,0,0,0,0,0,0,"- ","- ",39.083358764648438,-121.63491058349609,SUTTER,UNINCORPORATED,-121.63492584228516,39.083358764648438
92336972,2024,2024-03-13,9285,2024-03-07,1153,021328,,4,1,9,5100,0,2,4,,1,073,"BUTTE HOUSE RD.","E BUTTE RD.",21.00,W,N,A,-,N,,,,,,,,,,Y,2,0,2,2,A,-,09,21801,A,N,A,C,A,A,H,-,A,D,0,,,,,Y,,A,01,1,1,0,0,0,0,0,0,0,"- ","- ",39.166801452636719,-121.71691131591797,SUTTER,UNINCORPORATED,-121.71683502197266,39.166763305664062
92348813,2024,2024-03-27,9285,2024-03-22,"830 ",022748,,5,1,9,5100,0,1,3,,1,010,"SR-70 S/B TO SR-99 S/B",SR-99,1500.00,N,N,A,-,Y,,,,,,,,,,Y,2,0,1,1,A,-,08,22107,,N,E,I,A,A,H,-,A,A,0,,,,,Y,,A,01,1,0,0,0,0,0,0,0,0,"- ","- ",38.847831726074219,-121.54540252685547,SUTTER,UNINCORPORATED,-121.54438018798828,38.846202850341797
92359044,2024,2024-04-08,9285,2024-03-28,"735 ",019139,,4,1,9,5100,0,3,5,,1,003,"KIRKVILLE RD","CRANMORE RD",2109.00,E,N,A,-,N,,,,,,,,,,Y,2,0,3,2,A,-,03,22350,,N,C,C,A,A,H,-,A,D,0,,,Y,,Y,,D,22,1,0,2,0,0,0,0,0,2,"- ","- ",38.909660339355469,-121.78533172607422,SUTTER,UNINCORPORATED,-121.78550720214844,38.909687042236328
92361006,2024,2024-04-17,9285,2024-04-02,1215,019085,,2,1,9,5100,0,3,5,,1,007,"FRANKILN RD","HUMPHREY RD",0.00,,Y,B,-,N,,,,,,,,,,N,2,0,1,2,A,-,09,21802,A,N,D,G,A,A,H,-,A,A,0,,Y,,,Y,,A,07,1,0,0,0,0,0,1,0,0,"- ","- ",39.127449035644531,-121.72621917724609,SUTTER,UNINCORPORATED,-121.72622680664062,39.127399444580078
92362354,2023,2024-10-10,9285,2023-11-15,2040,016343,,3,2,9,5100,0,1,3,,1,051,SR-99,"BOGUE ROAD",0.00,,Y,B,-,Y,SUT,,99," "," ",27.648,H,,R,Y,1,1,1,2,A,-,12,21453,A,N,A,C,A,B,H,-,C,A,0,,,,Y,Y,,G,25,0,1,0,0,0,0,0,0,0,"- ","- ",39.098289489746094,-121.63440704345703,SUTTER,UNINCORPORATED,-121.63442993164062,39.098289489746094
92382252,2024,2024-05-06,9285,2024-04-27,1750,022919,,6,2,9,5100,0,3,5,,1,001,"PLEASANT GROVE RD","POPE STREET",908.00,S,N,A,-,N,,,,,,,,,,N,2,0,1,2,A,-,09,21801,A,N,A,C,A,A,H,-,A,D,0,,,Y,,Y,,D,22,1,0,0,0,0,0,0,0,1,"- ","- ",38.746051788330078,-121.48439025878906,SUTTER,UNINCORPORATED,-121.48442077636719,38.746086120605469
92392700,2024,2024-05-17,9285,2024-04-25,1501,015976,,4,2,9,5100,0,3,5,,1,001,"RIEGO ROAD","PACIFIC AVENUE",1630.00,E,N,B,-,N,,,,,,,,,,Y,1,1,2,2,A,-,08,22107,,N,A,C,A,A,H,-,A,D,0,,,,,Y,,A,01,1,1,0,0,0,0,0,0,0,"- ","- ",38.751140594482422,-121.51654815673828,SUTTER,UNINCORPORATED,-121.51947784423828,38.750747680664062
92416544,2024,2024-06-17,9285,2024-05-20,"205 ",022748,,1,3,9,5100,0,1,3,,1,051,"STATE ROUTE 99 (NORTHBOUND)","LINCOLN ROAD",686.00,N,N,A,-,Y,SUT,,99," "," ",28.811,H,,R,Y,1,1,2,1,A,-,08,22107,,N,F,A,A,A,H,-,D,A,0,,,,,Y,,A,07,0,1,1,0,0,0,0,0,0,"- ","- ",39.1148681640625,-121.63456726074219,SUTTER,UNINCORPORATED,-121.63463592529297,39.114871978759766
9253927,2020,2021-04-26,5102,2020-12-17,0604,4077,3,4,5,4,5102,0,0,0,,0,003,"LIVE OAK BL","NORTHGATE DR",1010.00,N,N,C,-,N,,,,,,,,,,Y,2,0,2,1,A,-,01,23152,F,N,E,I,A,B,H,-,D,D,0,,,,,Y,,A,01,2,0,0,0,0,0,0,0,0,"- ","- ",,,SUTTER,"YUBA CITY",-121.62303924560547,39.162059783935547
9271332,2021,2021-06-15,5102,2021-05-19,0042,4076,1,3,5,4,5102,0,0,0,,0,001,"ROSS DR","REDHAVEN AV",200.00,S,N,A,-,N,,,,,,,,,,Y,2,0,1,2,A,-,01,23152,A,N,A,C,A,A,H,-,C,D,0,,,,,Y,,A,01,1,0,0,0,0,0,0,0,0,"- ","- ",,,SUTTER,"YUBA CITY",-121.65003967285156,39.136081695556641
9273729,2021,2021-06-25,5102,2021-05-11,1706,4027,4,2,5,4,5102,0,0,0,,0,004,"FRANKLIN RD","GRAY AV",0.00,,Y,A,-,N,,,,,,,,,,N,2,0,1,2,A,-,08,22107,,N,D,G,A,A,H,-,A,A,0,,Y,,,Y,,L,04,1,0,0,0,0,0,1,0,0,"- ","- ",,,SUTTER,"YUBA CITY",-121.62979888916016,39.127246856689453
9278880,2021,2021-06-29,5102,2021-05-19,1358,4102,3,3,5,4,5102,0,0,0,,0,003,"E ONSTOTT FRONTAGE RD","NORTHGATE DR",200.00,S,N,A,-,N,,,,,,,,,,N,2,0,1,1,C,-,18,,,N,F,J,A,A,H,-,A,D,0,,Y,,,Y,,-,"- ",1,0,0,0,0,0,1,0,0,"- ","- ",,,SUTTER,"YUBA CITY",,
9303613,2021,2021-09-01,5102,2021-06-02,1948,5156,5100,3,5,4,5102,0,0,0,,0,007,"MCCUNE AV","JOSEPHENE WY",0.00,,Y,A,-,N,,,,,,,,,,Y,2,0,1,2,A,-,03,22350,,N,A,E,A,A,H,-,A,A,0,,,Y,,Y,,C,02,1,0,0,0,0,0,0,0,1,"- ","- ",,,SUTTER,"YUBA CITY",-121.65281677246094,39.116329193115234
9379581,2021,2022-01-26,5102,2021-12-25,1329,4106,3,6,5,4,5102,0,0,0,,0,,"QUEENS AV","RT 99",0.00,,Y,A,-,Y,SUT,3,99,-,R,31.151,R,4,N,Y,2,0,1,2,A,-,03,22350,,N,D,C,A,B,H,-,A,A,0,,,Y,,Y,,C,02,1,0,0,0,0,0,0,0,1,"- ",NF,,,SUTTER,"YUBA CITY",-121.63529205322266,39.149318695068359
9389281,2021,2022-02-11,5102,2021-11-11,0743,5152,5100,4,5,4,5102,0,0,0,,0,007,BOGUE,WALTON,0.00,S,N,B,C,N,,,,,,,,,,Y,2,0,1,1,A,-,03,22350,,N,E,I,A,B,H,-,A,A,0,,,,,Y,,A,01,1,0,0,0,0,0,0,0,0,"- ","- ",,,SUTTER,"YUBA CITY",-121.64350891113281,39.098251342773438
9419237,2022,2022-04-21,5102,2022-03-16,1632,4105,3,3,5,4,5102,0,0,0,,0,003,"PLUMAS ST","BIRD ST",122.00,N,N,A,-,N,,,,,,,,,,N,2,0,1,2,B,-,22,,,N,G,B,F,A,H,-,A,D,0,Y,,,,Y,,A,07,1,0,0,0,1,0,0,0,0,"- ","- ",,,SUTTER,"YUBA CITY",-121.61759185791016,39.146274566650391
9428010,2022,2022-04-18,5102,2022-03-05,2144,9004,4,6,5,4,5102,0,0,0,,0,004,"RT 20","COOPER AV",52.00,E,N,A,-,Y,SUT,3,20,-,-,16.180,H,-,E,Y,2,0,1,2,A,-,03,22350,,F,C,C,A,A,H,-,C,D,0,,,Y,,Y,,D,22,1,0,0,0,0,0,0,0,1,"- ","- ",,,SUTTER,"YUBA CITY",-121.62356567382812,39.141494750976562
9428030,2022,2022-04-19,5102,2022-03-04,1832,4133,4,5,5,4,5102,0,0,0,,0,004,"FORBES AV","ALMOND ST",7.00,N,N,A,-,N,,,,,,,,,,Y,2,0,3,4,A,-,01,23152,A,F,D,C,A,A,H,-,C,A,0,,,,,Y,Y,A,01,1,2,0,0,0,0,0,0,0,"- ","- ",,,SUTTER,"YUBA CITY",-121.61904144287109,39.137660980224609
9432831,2022,2022-09-12,5102,2022-07-27,1311,4136,3,3,5,4,5102,0,0,0,,0,003,"RT 20","ORANGE ST",10.00,W,N,A,-,Y,SUT,3,20,-,-,16.220,H,-,W,Y,2,0,1,2,A,-,09,21801,A,N,D,D,A,A,H,-,A,D,0,,,Y,,Y,,A,01,1,0,0,0,0,0,0,0,1,"- ","- ",,,SUTTER,"YUBA CITY",-121.62285614013672,39.141590118408203
94357324,2024,2024-08-16,9285,2024-06-30,"200 ",022917,,7,3,9,5100,0,1,3,,1,011,"SR-99 S/B","RIEGO RD",3960.00,N,N,A,-,Y,SUT,,99," "," ",1.745,H,,L,Y,1,2,0,1,A,-,08,22107,,N,E,I,A,A,H,-,D,D,0,,,,,Y,,A,07,0,0,0,0,0,0,0,0,0,"- ","- ",38.761238098144531,-121.54360961914062,SUTTER,UNINCORPORATED,-121.54367065429688,38.761238098144531
94402190,2024,2024-09-20,9285,2024-09-03,1650,015976,,2,2,9,5100,0,1,3,,1,010,SR-70,"KEMPTON RD",0.00,,Y,A,-,Y,SUT,,70," "," ",7.021,H,,R,Y,2,0,2,2,A,-,09,21802,A,N,D,C,A,A,H,-,A,A,0,,,,,Y,,D,22,1,1,0,0,0,0,0,0,0,"- ","- ",38.953750610351562,-121.54353332519531,SUTTER,UNINCORPORATED,-121.54358673095703,38.953750610351562
94411081,2024,2024-09-27,9285,2024-09-21,"559 ",021328,,6,3,9,5100,0,1,3,,2,031,SR-113,"LEISER RD.",15.00,S,N,A,-,Y,SUT,,113," "," ",1.356,H,,R,Y,2,0,3,2,A,-,09,21802,A,N,D,2,A,A,H,-,D,A,0,,,,,Y,,D,22,2,0,1,0,0,0,0,0,0,"- ","- ",38.821079254150391,-121.71658325195312,SUTTER,UNINCORPORATED,-121.71659088134766,38.821079254150391
94420175,2024,2024-10-04,9285,2024-09-28,2225,022294,,6,3,9,5100,0,3,5,,1,005,"8500 GARDEN HIGHWAY","GARDEN HIGHWAY",240.00,E,N,A,-,N,,,,,,,,,,Y,2,0,1,1,A,-,01,23152,A,N,E,8,A,A,H,-,D,D,0,,,,,Y,Y,A,01,1,0,0,0,0,0,0,0,0,"- ","- ",39.003711700439453,-121.60997009277344,SUTTER,UNINCORPORATED,,
94425310,2024,2024-10-09,9285,2024-08-05,"509 ",021599,,1,3,9,5100,0,1,3,,1,072,"STATE ROUTE 20","ACACIA AVENUE",4752.00,W,N,A,-,Y,SUT,,20," "," ",8.172,H,,R,Y,1,1,1,3,A,-,06,21751,,N,A,C,A,A,H,-,D,D,0,,,,Y,Y,,D,22,1,0,0,0,0,0,0,0,0,"- ","- ",39.142578125,-121.7725830078125,SUTTER,UNINCORPORATED,-121.7725830078125,39.142585754394531
94478580,2024,2025-05-07,9285,2024-10-13,"234 ",021599,,7,3,9,5100,0,1,3,,1,011,"SR-99 NORTHBOUND","HOWSLEY ROAD",4382.00,S,N,A,-,Y,SUT,,99," "," ",5.086,H,,R,Y,1,1,1,2,A,-,05,21651,B,N,A,C,A,A,H,-,D,A,0,,,,,Y,,A,07,1,0,0,0,0,0,0,0,0,"- ","- ",38.8095703125,-121.54357147216797,SUTTER,UNINCORPORATED,-121.54354858398438,38.8095703125
94505848,2024,2024-12-16,9285,2024-12-07,1950,022919,,6,2,9,5100,0,3,5,,1,001,"SCHEIBER RD","CORNELIUS AVE",2613.00,N,N,A,-,N,,,,,,,,,,Y,2,0,1,1,A,-,03,22350,,N,E,I,A,A,H,-,D,D,0,,,,,Y,,D,22,1,0,0,0,0,0,0,0,0,"- ","- ",38.917121887207031,-121.56172180175781,SUTTER,UNINCORPORATED,-121.56141662597656,38.924369812011719
94505893,2024,2024-12-16,9285,2024-12-09,1245,020195,,1,1,9,5100,0,3,5,,1,003,"STATE ROUTE 113","KNIGHTS RD",492.00,N,N,A,-,Y,SUT,,113," "," ",0.864,H,,R,N,2,0,1,2,C,-,18,,,N,E,J,A,A,H,-,A,D,0,,,,Y,Y,,-,"- ",1,0,0,0,0,0,0,0,0,"- ","- ",38.814231872558594,-121.71469879150391,SUTTER,UNINCORPORATED,-121.71467590332031,38.814231872558594
94535615,2024,2025-01-13,9285,2024-12-18,"615 ",015976,,3,1,9,5100,0,3,5,,1,003,"PELGER ROAD","CRANMORE ROAD",4752.00,E,N,B,E,N,,,,,,,,,,Y,1,1,0,1,A,-,03,22350,,N,F,A,A,B,H,-,D,D,0,,,,,Y,,D,22,0,0,0,0,0,0,0,0,0,"- ","- ",38.9527587890625,-121.80255889892578,SUTTER,UNINCORPORATED,-121.80310821533203,38.952312469482422
9456469,2022,2022-06-15,5102,2022-05-06,1842,4128,5,5,5,4,5102,0,0,0,,0,,"GARDEN HWY","FRANKLIN RD",165.00,S,N,A,-,N,,,,,,,,,,Y,2,0,1,2,A,-,08,21460,5,N,D,C,A,A,H,-,A,A,0,,,Y,,Y,,C,02,1,0,0,0,0,0,0,0,1,"- ","- ",,,SUTTER,"YUBA CITY",-121.60646820068359,39.129920959472656
9464478,2022,2022-10-04,5102,2022-05-21,0051,4105,5,6,5,4,5102,0,0,0,,0,005,"GARDEN HWY","EPLEY DR",655.00,N,N,A,-,N,,,,,,,,,,N,1,1,0,2,A,-,08,22107,,F,C,G,A,A,H,-,C,D,0,,Y,,,Y,Y,-,,0,0,0,0,0,1,0,0,0,"- ","- ",,,SUTTER,"YUBA CITY",-121.61742401123047,39.112228393554688
94654690,2025,2025-04-25,9285,2025-04-15,"525 ",017118,,2,3,9,5100,0,1,3,,1,051,SR-99,"OSWALD ROAD",600.00,S,N,A,-,Y,SUT,,99," "," ",25.497,H,,R,Y,2,0,1,2,A,-,08,22107,,N,B,C,A,A,H,-,D,D,0,,,Y,Y,Y,,C,03,1,0,0,0,0,0,0,0,1,"- ","- ",39.067161560058594,-121.63346099853516,SUTTER,UNINCORPORATED,-121.63339996337891,39.067157745361328
94662076,2025,2025-04-24,9285,2025-04-15,"200 ",022534,,2,3,9,5100,0,1,3,,1,011,"STATE ROUTE 99","TUDOR ROAD",3680.00,S,N,A,-,Y,SUT,,99," ",R,19.257,H,,R,Y,2,0,1,1,A,-,08,22107,,N,F,A,A,A,H,-,D,D,0,,,,Y,Y,,G,25,1,0,0,0,0,0,0,0,0,"- ","- ",38.994609832763672,-121.62458038330078,SUTTER,UNINCORPORATED,-121.62461853027344,38.994590759277344
94662108,2025,2025-04-24,9285,2025-04-16,"430 ",022534,,3,3,9,5100,0,3,5,,1,001,"E LEVEE ROAD","RIEGO ROAD",1945.00,S,N,A,-,N,,,,,,,,,,Y,2,0,1,1,A,-,03,22350,,N,F,A,A,A,H,-,D,D,0,,,,,Y,,A,01,1,0,0,0,0,0,0,0,0,"- ","- ",38.745891571044922,-121.49411773681641,SUTTER,UNINCORPORATED,,
94670495,2025,2025-04-30,9285,2025-04-23,"536 ",019356,,3,3,9,5100,0,1,3,,1,051,"BOGUE ROAD",SR-99,20.00,W,N,A,-,N,,,,,,,,,,N,2,0,1,2,A,-,08,22107,,N,D,G,A,A,H,-,C,A,0,,Y,,,Y,,L,04,1,0,0,0,0,0,1,0,0,"- ","- ",39.098350524902344,-121.63469696044922,SUTTER,UNINCORPORATED,-121.63456726074219,39.098308563232422
94677135,2025,2025-05-06,9285,2025-05-04,1338,024370,,7,1,9,5100,0,3,5,,1,005,"RAILROAD AVENUE","OSWALD ROAD",561.00,S,N,A,-,N,,,,,,,,,,N,2,0,1,1,A,-,03,22350,,N,E,I,A,A,H,-,A,D,0,,,,,Y,,M,96,1,0,0,0,0,0,0,0,0,"- ","- ",39.06781005859375,-121.62518310546875,SUTTER,UNINCORPORATED,-121.62533569335938,39.067913055419922
94691876,2025,2025-05-19,9285,2025-05-12,"525 ",017118,,1,3,9,5100,0,3,5,,1,007,"N. TOWNSHIP ROAD","PEASE ROAD",528.00,N,N,B,-,N,,,,,,,,,,Y,2,0,2,2,A,-,09,21801,A,N,A,C,A,A,H,-,D,D,0,,,,,Y,,A,07,1,0,1,0,0,0,0,0,0,"- ","- ",39.172409057617188,-121.68865966796875,SUTTER,UNINCORPORATED,-121.68863677978516,39.171981811523438
94711000,2025,2025-06-03,9285,2025-05-24,"545 ",021567,,6,3,9,5100,0,1,3,,1,010,SR-70,"STRILPLIN RD",1400.00,S,N,A,-,Y,SUT,,70," "," ",0.805,H,,R,Y,2,0,1,2,A,-,03,22350,,N,C,C,A,A,H,-,A,D,0,,,,Y,Y,,A,01,1,0,0,0,0,0,0,0,0,"- ","- ",38.8638916015625,-121.54360198974609,SUTTER,UNINCORPORATED,-121.54328918457031,38.863887786865234
94739139,2025,2025-06-25,9285,2025-06-16,1235,017118,,1,1,9,5100,0,3,5,,1,007,"MALLOTT ROAD","AHLF ROAD",1056.00,S,N,A,-,N,,,,,,,,,,Y,2,0,1,1,A,-,03,22350,,N,E,8,A,A,H,-,A,D,0,,,,,Y,,D,22,1,0,0,0,0,0,0,0,0,"- ","- ",39.185001373291016,-121.73490905761719,SUTTER,UNINCORPORATED,-121.73416137695312,39.185340881347656
9502256,2022,2022-11-03,5102,2022-09-05,0442,4110,,1,5,4,5102,0,0,0,,0,002,"RT 20","STABLER LN",0.00,,Y,A,-,Y,SUT,3,20,-,R,15.094,I,5,E,N,2,0,1,2,A,-,05,21651,B,N,D,G,A,A,H,-,C,A,0,,Y,,,Y,,L,04,1,0,0,0,0,0,1,0,0,"- ","- ",,,SUTTER,"YUBA CITY",-121.64394378662109,39.14166259765625
9520056,2022,2023-02-08,5100,2022-09-17,1622,2534,LOCA2,6,5,2,5101,0,0,0,,0,002,RT-99,"IVY ST",0.00,,Y,A,-,Y,SUT,3,99,-,-,40.322,I,5,S,Y,1,1,1,2,A,-,09,21801,A,N,D,C,A,A,H,-,A,A,0,,,,,Y,,A,01,1,0,0,0,0,0,0,0,0,"- ","- ",,,SUTTER,"LIVE OAK",-121.66136932373047,39.276950836181641
9555063,2023,2023-03-29,5102,2023-02-01,2345,9009,3,3,5,4,5102,0,0,0,,0,003,"RT 20","SUTTER ST",280.00,N,N,A,-,Y,SUT,3,20,-,-,16.954,R,2,W,Y,2,0,1,1,A,-,01,23152,A,N,B,I,A,A,H,-,C,D,0,,,,,Y,Y,A,01,1,0,0,0,0,0,0,0,0,WF,"- ",,,SUTTER,"YUBA CITY",-121.61012268066406,39.143184661865234
9579847,2023,2023-05-26,5102,2023-04-09,1142,4076,3,7,5,4,5102,0,0,0,,0,003,"CLARK AV","WINSLOW DR",15.00,W,N,A,-,N,,,,,,,,,,N,2,0,1,1,D,-,00,,,N,H,J,A,A,H,-,A,A,0,,Y,,,Y,,-,"- ",1,0,0,0,0,0,1,0,0,"- ","- ",,,SUTTER,"YUBA CITY",-121.62599945068359,39.153938293457031
9583848,2023,2023-08-14,5102,2023-07-05,1017,4073,2,3,5,4,5102,0,0,0,,0,002,"RT 99","FRANKLIN RD",338.00,S,N,A,-,Y,SUT,3,99,-,-,29.610,H,-,N,Y,2,0,2,2,A,-,03,22350,,N,C,C,A,A,H,-,A,A,0,,,,,Y,,A,01,1,1,0,0,0,0,0,0,0,"- ","- ",,,SUTTER,"YUBA CITY",-121.63447570800781,39.126419067382812
9601244,2023,2023-08-22,5102,2023-07-23,"556 ",4119,4,7,5,4,5102,0,0,0,,0,004,"RT 20","SUTTER ST",20.00,W,N,A,-,Y,SUT,3,20,-,-,16.954,R,2,W,Y,2,0,1,1,A,-,01,23152,A,N,H,I,A,A,H,-,C,D,0,,,,,Y,Y,A,01,1,0,0,0,0,0,0,0,0,"- ","- ",,,SUTTER,"YUBA CITY",-121.61012268066406,39.143184661865234
9635239,2023,2023-12-13,5102,2023-10-18,1624,9014,2,3,5,4,5102,0,0,0,,0,002,"CIVIC CENTER BL","RT 20",158.00,N,N,A,-,N,,,,,,,,,,N,2,0,1,2,A,-,05,21650,1,N,D,G,A,A,H,-,A,D,0,,Y,,,Y,,L,04,1,0,0,0,0,0,1,0,0,"- ","- ",,,SUTTER,"YUBA CITY",-121.63919830322266,39.142223358154297
9641040,2024,2024-11-06,5102,2024-09-12,"503 ",9001,2,4,5,4,5102,0,0,0,,0,002,"NORTH WALTON AV","ANNEKA LN",0.00,,Y,A,-,N,,,,,,,,,,N,1,1,0,2,A,-,11,21954,A,N,G,B,D,A,H,-,C,D,0,Y,,,,Y,,N,60,0,0,0,1,0,0,0,0,0,"- ","- ",,,SUTTER,"YUBA CITY",-121.64389038085938,39.130668640136719
9646831,2023,2024-01-16,5102,2023-11-08,1649,4104,5,3,5,4,5102,0,0,0,,0,005,"BOGUE RD","WALTON AV",900.00,E,N,A,-,N,,,,,,,,,,Y,2,0,1,2,A,-,06,21750,A,F,G,G,A,A,H,-,B,D,0,,Y,,,Y,,A,01,1,0,0,0,0,0,1,0,0,"- ","- ",,,SUTTER,"YUBA CITY",-121.64033508300781,39.098270416259766
9670083,2024,2024-04-16,5102,2024-02-14,"556 ",4119,3,3,5,4,5102,0,0,0,,0,003,"MARKET ST","BIRD ST",525.00,N,N,C,-,N,,,,,,,,,,Y,2,0,1,2,A,-,09,21804,B,N,D,C,A,B,H,-,D,D,0,,,,,Y,,A,01,1,0,0,0,0,0,0,0,0,"- ","- ",,,SUTTER,"YUBA CITY",-121.61460113525391,39.148460388183594
9696360,2024,2024-06-20,5102,2024-03-27,1007,4119,3,3,5,4,5102,0,0,0,,0,003,"RT 20","RT 99",93.00,E,N,B,-,Y,SUT,3,20,-,-,15.590,H,-,W,Y,2,0,3,1,A,-,08,22107,,N,E,I,A,A,H,-,A,A,0,,,,,Y,,A,01,1,2,0,0,0,0,0,0,0,"- ","- ",,,SUTTER,"YUBA CITY",-121.63425445556641,39.14190673828125