CASE_ID,ACCIDENT_YEAR,PROC_DATE,JURIS,COLLISION_DATE,COLLISION_TIME,OFFICER_ID,REPORTING_DISTRICT,DAY_OF_WEEK,CHP_SHIFT,POPULATION,CNTY_CITY_LOC,SPECIAL_COND,BEAT_TYPE,CHP_BEAT_TYPE,CITY_DIVISION_LAPD,CHP_BEAT_CLASS,BEAT_NUMBER,PRIMARY_RD,SECONDARY_RD,DISTANCE,DIRECTION,INTERSECTION,WEATHER_1,WEATHER_2,STATE_HWY_IND,CALTRANS_COUNTY,CALTRANS_DISTRICT,STATE_ROUTE,ROUTE_SUFFIX,POSTMILE_PREFIX,POSTMILE,LOCATION_TYPE,RAMP_INTERSECTION,SIDE_OF_HWY,TOW_AWAY,COLLISION_SEVERITY,NUMBER_KILLED,NUMBER_INJURED,PARTY_COUNT,PRIMARY_COLL_FACTOR,PCF_CODE_OF_VIOL,PCF_VIOL_CATEGORY,PCF_VIOLATION,PCF_VIOL_SUBSECTION,HIT_AND_RUN,TYPE_OF_COLLISION,MVIW,PED_ACTION,ROAD_SURFACE,ROAD_COND_1,ROAD_COND_2,LIGHTING,CONTROL_DEVICE,CHP_ROAD_TYPE,PEDESTRIAN_ACCIDENT,BICYCLE_ACCIDENT,MOTORCYCLE_ACCIDENT,TRUCK_ACCIDENT,NOT_PRIVATE_PROPERTY,ALCOHOL_INVOLVED,STWD_VEHTYPE_AT_FAULT,CHP_VEHTYPE_AT_FAULT,COUNT_SEVERE_INJ,COUNT_VISIBLE_INJ,COUNT_COMPLAINT_PAIN,COUNT_PED_KILLED,COUNT_PED_INJURED,COUNT_BICYCLIST_KILLED,COUNT_BICYCLIST_INJURED,COUNT_MC_KILLED,COUNT_MC_INJURED,PRIMARY_RAMP,SECONDARY_RAMP,LATITUDE,LONGITUDE,COUNTY,CITY,POINT_X,POINT_Y
9706882,2024,2024-07-03,5102,2024-05-07,1701,4129,1,2,5,4,5102,0,0,0,,0,001,"THARP RD","SIERRA AV",0.00,,Y,A,-,N,,,,,,,,,,Y,2,0,1,2,C,-,18,,,N,D,C,A,A,H,-,A,D,0,,,,,Y,,-,"- ",1,0,0,0,0,0,0,0,0,"- ","- ",,,SUTTER,"YUBA CITY",-121.64852142333984,39.140380859375
9712709,2024,2024-10-17,5102,2024-09-08,1509,4147,4,7,5,4,5102,0,0,0,,0,004,"COLUSA AV","LIVE OAK BL",70.00,E,N,A,-,Y,SUT,3,20,-,-,16.330,I,6,E,N,2,0,1,1,A,-,01,23152,A,N,E,I,A,A,H,-,A,D,0,,,Y,,Y,Y,C,02,1,0,0,0,0,0,0,0,1,"- ","- ",,,SUTTER,"YUBA CITY",-121.62095642089844,39.141315460205078
9735440,2024,2024-10-30,5100,2024-08-15,"532 ",2590,LOCA2,4,5,2,5101,0,0,0,,0,002,"LARKIN RD","BRIANNE WY",1793.00,N,N,A,-,N,,,,,,,,,,Y,2,0,4,3,A,-,06,21751,,N,A,C,A,A,H,-,D,D,0,,,,,Y,,A,01,2,0,2,0,0,0,0,0,0,"- ","- ",,,SUTTER,"LIVE OAK",-121.65992736816406,39.292411804199219
9765225,2024,2025-02-12,5102,2024-12-26,1609,4132,5,4,5,4,5102,0,0,0,,0,005,"RAILROAD AVE","LINCOLN RD",171.00,S,N,B,-,N,,,,,,,,,,Y,2,0,1,3,A,-,01,23152,A,N,C,E,A,B,H,-,A,D,0,,,,,Y,,A,07,1,0,0,0,0,0,0,0,0,"- ","- ",,,SUTTER,"YUBA CITY",-121.62284088134766,39.112167358398438
9767439,2024,2024-12-12,5102,2024-10-13,1910,4152,4,7,5,4,5102,0,0,0,,0,004,"WILBUR AV","FRANKLIN AV",379.00,N,N,A,-,N,,,,,,,,,,Y,2,0,3,2,A,-,07,21658,A,F,A,C,A,A,H,-,C,D,0,,,,,Y,Y,D,22,1,0,2,0,0,0,0,0,0,"- ","- ",,,SUTTER,"YUBA CITY",-121.61167144775391,39.131362915039062
9774818,2024,2025-01-27,5102,2024-12-21,"148 ",4146,5,6,5,4,5102,0,0,0,,0,005,"GARDEN HWY","SAMUEL DR",20.00,N,N,A,-,N,,,,,,,,,,Y,2,0,2,1,A,-,01,23152,A,N,A,-,A,A,H,-,C,D,0,,,,,Y,Y,A,07,2,0,0,0,0,0,0,0,0,"- ","- ",,,SUTTER,"YUBA CITY",-121.61073303222656,39.123516082763672
9776266,2024,2025-02-05,5102,2024-12-30,1821,4151,3,1,5,4,5102,0,0,0,,0,003,"LIVE OAK BL","AINSLEY AV",0.00,,Y,A,-,N,,,,,,,,,,N,2,0,1,2,A,-,11,21950,B,F,G,B,D,A,H,-,C,D,0,Y,,,,Y,,N,60,1,0,0,0,1,0,0,0,0,"- ","- ",,,SUTTER,"YUBA CITY",-121.62081909179688,39.143680572509766
9786080,2024,2025-03-24,5102,2024-10-28,2011,4129,4,1,5,4,5102,0,0,0,,0,004,"BRIDGE ST","SHASTA ST",102.00,W,N,A,-,N,,,,,,,,,,Y,1,1,0,2,A,-,11,21950,B,N,G,B,D,A,H,-,C,A,0,Y,,,,Y,,N,60,0,0,0,1,0,0,0,0,0,"- ","- ",,,SUTTER,"YUBA CITY",-121.61399841308594,39.135845184326172
9788663,2025,2025-05-12,5102,2025-04-03,"848 ",4119,3,4,5,4,5102,0,0,0,,0,003,"QUEENS AV","LIVE OAK BL",81.00,E,N,A,-,N,,,,,,,,,,Y,2,0,1,2,A,-,01,23152,A,N,G,B,F,A,H,-,A,A,0,Y,,,,Y,,A,07,1,0,0,0,1,0,0,0,0,"- ","- ",,,SUTTER,"YUBA CITY",-121.62039184570312,39.151817321777344
9802841,2025,2025-05-02,5102,2025-02-16,1647,2551,85,7,5,4,5102,0,0,0,,0,007,"SOUTH WALTON AV","CHERRY ST",0.00,,Y,A,-,N,,,,,,,,,,Y,2,0,3,2,A,-,04,21703,,N,C,C,A,A,H,-,A,D,0,,,,,Y,,A,01,1,0,2,0,0,0,0,0,0,"- ","- ",,,SUTTER,"YUBA CITY",-121.64387512207031,39.120021820068359
6290125,2014,2015-12-16,9285,2014-01-03,2500,17118,,5,4,9,5100,0,3,5,,1,001,"DEL MONTE AV","KNIGHTS RD",30.00,W,N,A,-,N,,,,,,,,,,Y,1,1,0,1,A,-,03,22350,,N,E,I,A,A,H,-,D,D,0,,,,,Y,Y,D,22,0,0,0,0,0,0,0,0,0,"- ","- ",38.869750000000003,-121.71847,SUTTER,UNINCORPORATED,-121.71838,38.869700000000002
6290590,2014,2014-06-02,9285,2014-02-02,1820,18475,,7,2,9,5100,0,1,3,,1,071,"RT 99","CLARK RD",290.00,N,N,A,-,Y,SUT,3,99,-,-,37.220,H,-,N,N,1,1,0,2,A,-,11,21954,A,N,G,B,D,A,H,-,D,D,1,Y,,,,Y,,N,60,0,0,0,1,0,0,0,0,0,"- ","- ",39.233969999999999,-121.64621,SUTTER,UNINCORPORATED,-121.64627215,39.233878109999999
6291429,2014,2015-02-11,5102,2014-08-24,2144,4045,,7,5,4,5102,0,0,0,,0,001,"RT 20","CLARK AV",9.00,E,N,A,-,Y,SUT,3,20,-,-,16.060,I,5,E,Y,1,1,0,2,A,-,11,21456,B,N,G,B,B,A,H,-,C,A,0,Y,,,,Y,,N,60,0,0,0,1,0,0,0,0,0,"- ","- ",,,SUTTER,"YUBA CITY",-121.62567737000001,39.141567559999999
6292101,2014,2016-01-08,9285,2014-09-26,0629,14825,,5,1,9,5100,0,1,3,,2,031,"RT 113","SEYMOUR RD",103.00,N,N,E,-,Y,SUT,3,113,-,-,5.560,H,-,S,Y,1,1,0,2,A,-,06,21751,,N,B,C,A,B,H,-,D,D,0,,,,,Y,,A,01,0,0,0,0,0,0,0,0,0,"- ","- ",38.880099999999999,-121.70416,SUTTER,UNINCORPORATED,-121.70405345,38.880139499999999
6385324,2014,2015-11-14,9285,2014-02-02,1710,014793,,7,2,9,5100,0,1,3,,1,011,"RT 99","HOWSLEY RD",1056.00,S,N,A,-,Y,SUT,3,99,-,-,5.610,H,-,S,Y,2,0,2,1,A,-,01,23152,A,N,F,A,A,A,H,-,B,D,5,,,,,Y,Y,A,01,2,0,0,0,0,0,0,0,0,"- ","- ",38.802979999999998,-121.54415,SUTTER,UNINCORPORATED,-121.54386563,38.817131930000002
6386620,2014,2016-02-24,5102,2014-02-02,0645,4067,5102,7,5,4,5102,0,0,0,,0,004,"RT 99","BRIDGE ST",3.00,N,N,B,-,Y,SUT,3,99,-,-,30.040,H,-,N,,2,0,1,2,D,-,00,,,F,D,G,A,A,H,-,B,A,0,,Y,,,Y,,-,"- ",1,0,0,0,0,0,1,0,0,"- ","- ",,,SUTTER,"YUBA CITY",-121.634451,39.132559620000002
6461073,2014,2016-03-25,9285,2014-04-14,0535,017118,,1,3,9,5100,0,1,3,,1,051,"RT 99","OSWALD RD",297.00,S,N,A,-,Y,SUT,3,99,-,-,25.560,H,-,N,Y,2,0,2,2,A,-,03,22350,,N,C,C,A,A,H,-,D,D,0,,,,Y,Y,,A,07,1,1,0,0,0,0,0,0,0,"- ","- ",39.083959999999998,-121.63337,SUTTER,UNINCORPORATED,-121.63338374,39.068096679999996
6513488,2014,2014-08-11,9285,2014-06-08,2320,18340,,7,3,9,5100,0,3,5,,1,007,"TOWNSHIP RD","PASEO AV",1584.00,N,N,A,-,N,,,,,,,,,,Y,2,0,1,1,A,-,01,23152,A,N,F,A,A,A,H,-,D,D,0,,,,,Y,Y,A,01,1,0,0,0,0,0,0,0,0,"- ","- ",39.25488,-121.68746,SUTTER,UNINCORPORATED,-121.68741888,39.254829489999999
6587502,2014,2014-09-05,5102,2014-08-01,1000,4074,,5,5,4,5102,0,0,0,,0,001,"WALTON AV","LASSEN BL",396.00,S,N,A,-,N,,,,,,,,,,N,2,0,1,2,A,-,05,21202,A,N,C,G,A,A,H,-,A,D,0,,Y,,,Y,,L,04,1,0,0,0,0,0,1,0,0,"- ","- ",,,SUTTER,"YUBA CITY",-121.64391000000001,39.136882530000001
6588111,2014,2016-05-06,9285,2014-08-06,0530,017080,,3,3,9,5100,0,1,3,,2,031,"RT 113","RECLAMATION RD",0.00,,Y,B,C,Y,SUT,3,113,-,-,4.893,I,5,N,Y,2,0,9,2,A,-,09,21801,A,N,D,C,A,B,H,-,B,D,0,,,,,Y,,A,01,2,3,4,0,0,0,0,0,0,"- ","- ",38.871119999999998,-121.70746,SUTTER,UNINCORPORATED,-121.7075202,38.870981579999999
6624568,2014,2016-04-25,5102,2014-09-10,2055,4089,,3,5,4,5102,0,0,0,,0,001,"RT 20","THARP RD",390.00,W,N,A,-,Y,SUT,3,20,-,R,14.780,H,-,W,N,2,0,1,2,A,-,05,21650,,F,A,C,A,A,H,-,D,D,0,,,Y,,Y,,-,99,1,0,0,0,0,0,0,0,1,"- ","- ",,,SUTTER,"YUBA CITY",-121.64985507,39.141611429999998
6667093,2014,2015-01-07,5102,2014-09-28,1500,17613,,7,5,4,5102,0,0,0,,0,,"CLARK AV","FREDERICK ST",0.00,,Y,B,-,N,,,,,,,,,,N,2,0,1,2,A,-,12,22450,A,F,D,C,A,A,H,-,A,A,0,,,Y,,Y,,D,22,1,0,0,0,0,0,0,0,1,"- ","- ",39.130859999999998,-121.62514,SUTTER,"YUBA CITY",-121.62508986,39.130909889999998
6707433,2014,2014-11-19,5102,2014-09-25,1540,2223,MAP89,4,5,4,5102,0,0,0,,0,007,"CHERRY ST","ANITA DR",0.00,,Y,A,-,N,,,,,,,,,,Y,2,0,1,1,A,-,12,22450,A,N,E,I,A,A,H,-,A,A,0,,,Y,,Y,,C,02,1,0,0,0,0,0,0,0,1,"- ","- ",,,SUTTER,"YUBA CITY",-121.6490299,39.119999989999997
6718581,2017,2018-01-23,5102,2017-10-09,1905,4022,1,1,5,4,5102,0,0,0,,0,001,"FRANKLIN RD","HETHERINGTON CIR",0.00,,Y,A,-,N,,,,,,,,,,Y,1,1,0,2,A,-,11,21954,A,N,G,B,D,A,H,-,C,A,0,Y,,,,Y,Y,N,60,0,0,0,1,0,0,0,0,0,"- ","- ",,,SUTTER,"YUBA CITY",-121.64591996,39.127279899999998
6789354,2014,2016-07-07,5102,2014-12-19,1801,4090,5102,5,5,4,5102,0,0,0,,0,002,"RT 99","BRIDGE ST",170.00,N,N,B,C,Y,SUT,3,99,-,-,30.060,H,-,S,Y,2,0,1,2,A,-,03,22350,,N,C,C,A,B,H,-,C,D,0,,,,,Y,Y,A,01,1,0,0,0,0,0,0,0,0,"- ","- ",,,SUTTER,"YUBA CITY",-121.63458885999999,39.132856050000001
6803533,2014,2015-02-10,5102,2014-12-28,0309,4087,5102,7,5,4,5102,0,0,0,,0,002,"FRANKLIN RD","NANTUCKET WY",0.00,,Y,A,-,N,,,,,,,,,,Y,2,0,3,2,A,-,01,23152,B,N,D,C,A,A,H,-,C,D,0,,,,,Y,Y,-,,1,0,2,0,0,0,0,0,0,"- ","- ",,,SUTTER,"YUBA CITY",-121.64647995,39.127279979999997
6809772,2015,2016-09-22,9285,2015-01-16,1717,017118,,5,2,9,5100,0,1,3,,1,011,"RT 99","SACRAMENTO AV",0.00,,Y,B,-,Y,SUT,3,99,-,-,13.678,I,5,S,Y,2,0,2,2,A,-,09,21802,A,N,D,C,A,B,H,-,D,A,5,,,,,Y,,A,01,1,0,1,0,0,0,0,0,0,"- ","- ",39.916379999999997,-121.60583,SUTTER,UNINCORPORATED,-121.60582269,38.916413419999998
6854718,2015,2017-04-04,9285,2015-05-18,2125,19144,,1,2,9,5100,0,3,5,,1,007,"PASS RD","KELLOGG RD",2904.00,E,N,A,-,N,,,,,,,,,,Y,1,1,0,1,A,-,08,22107,,N,F,I,A,A,H,-,D,D,0,,,Y,,Y,,C,02,0,0,0,0,0,0,0,1,0,"- ","- ",39.186129999999999,-121.77182999999999,SUTTER,UNINCORPORATED,-121.77212324,39.186168309999999
6855313,2015,2016-04-06,9285,2015-02-24,1825,18632,,2,2,9,5100,0,3,5,,1,001,"GARDEN HWY","LEE RD",1320.00,W,N,A,-,N,,,,,,,,,,Y,2,0,1,1,A,-,08,22107,,N,E,I,A,A,H,-,D,D,0,,,,,Y,,A,01,1,0,0,0,0,0,0,0,0,"- ","- ",38.882800000000003,-121.61104,SUTTER,UNINCORPORATED,-121.61130009,38.881611159999999
6871341,2015,2015-04-17,5102,2015-03-10,1754,4089,5102,2,5,4,5102,0,0,0,,0,004,"BRIDGE ST","SHASTA ST",30.00,E,N,A,-,N,,,,,,,,,,Y,2,0,2,2,A,-,03,22350,,N,C,C,A,A,H,-,B,A,0,,,,,Y,,A,01,1,0,1,0,0,0,0,0,0,"- ","- ",,,SUTTER,"YUBA CITY",-121.61357468999999,39.135995739999998
6881517,2015,2015-05-05,5102,2015-03-13,1947,4073,5102,5,5,4,5102,0,0,0,,0,002,"FRANKLIN RD","LITTLEJOHN RD",191.00,E,N,A,-,N,,,,,,,,,,Y,2,0,1,1,A,-,03,22350,,N,F,I,A,A,H,-,D,D,0,,,,,Y,Y,-,"- ",1,0,0,0,0,0,0,0,0,"- ","- ",,,SUTTER,"YUBA CITY",-121.63851658999999,39.127310000000001
6901155,2015,2015-04-30,9285,2015-03-22,1900,017080,,7,2,9,5100,0,3,5,,1,001,"PALM ST","NICOLAUS AV",528.00,N,N,B,-,N,,,,,,,,,,N,2,0,1,1,A,-,01,23152,A,N,F,A,A,A,H,-,A,D,0,,,Y,,Y,Y,C,06,1,0,0,0,0,0,0,0,1,"- ","- ",38.912039999999998,-121.54452999999999,SUTTER,UNINCORPORATED,-121.54456949,38.911659950000001
6930451,2015,2015-06-03,5102,2015-04-30,1623,4061,5102,4,5,4,5102,0,0,0,,0,005,"LINCOLN RD","RAILROAD AV",0.00,,Y,A,-,N,,,,,,,,,,N,2,0,1,2,A,-,05,21650,1,N,H,G,A,A,H,-,A,A,0,,Y,,,Y,,L,04,1,0,0,0,0,0,1,0,0,"- ","- ",,,SUTTER,"YUBA CITY",-121.62274987000001,39.112630000000003
6939448,2015,2016-11-01,5102,2015-04-25,0039,4077,5102,6,5,4,5102,0,0,0,,0,003,"RT 20","SHASTA ST",300.00,E,N,C,-,Y,SUT,3,20,-,-,16.680,H,-,E,Y,2,0,1,2,A,-,11,21954,A,N,G,B,E,B,H,-,C,D,0,Y,,,,Y,Y,N,60,1,0,0,0,1,0,0,0,0,"- ","- ",,,SUTTER,"YUBA CITY",-121.61467942,39.141660600000002
6939451,2015,2015-06-01,5102,2015-04-25,1328,4073,5102,6,5,4,5102,0,0,0,,0,004,"REEVES AV","CHESTNUT ST",0.00,,Y,A,-,N,,,,,,,,,,Y,2,0,1,2,A,-,03,22350,,N,D,C,A,A,H,-,A,A,0,,,,,Y,,-,,1,0,0,0,0,0,0,0,0,"- ","- ",,,SUTTER,"YUBA CITY",-121.62001986,39.13552996
7009693,2015,2017-01-13,5100,2015-07-24,1352,2100,LOCA4,5,5,2,5101,0,0,0,,0,01A,"RT 99","LARKIN RD",0.00,,Y,A,-,Y,SUT,3,99,-,-,39.880,I,5,S,Y,2,0,1,2,A,-,09,21802,A,N,D,C,A,A,H,-,A,D,0,,,,,Y,,D,22,1,0,0,0,0,0,0,0,0,"- ","- ",,,SUTTER,"LIVE OAK",-121.65984032,39.270763250000002
7011005,2015,2015-08-11,5102,2015-07-27,0631,4073,5102,1,5,4,5102,0,0,0,,0,005,"WILBUR AV","WILSON AV",0.00,,Y,A,-,N,,,,,,,,,,Y,2,0,1,2,A,-,05,21650,,N,A,C,A,A,H,-,A,D,0,,,,,Y,,-,,1,0,0,0,0,0,0,0,0,"- ","- ",,,SUTTER,"YUBA CITY",-121.6113799,39.126339880000003
7111118,2015,2015-11-23,5102,2015-10-25,1223,4073,5102,7,5,4,5102,0,0,0,,0,001,"N GEORGE WASHINGTON BL","COLUSA FRONTAGE RD",123.00,S,N,A,-,N,,,,,,,,,,Y,2,0,1,1,A,-,08,22107,,N,E,I,A,A,H,-,A,D,0,,,,,Y,,-,,1,0,0,0,0,0,0,0,0,"- ","- ",,,SUTTER,"YUBA CITY",-121.67158000000001,39.141442320000003
8097794,2016,2016-08-17,5102,2016-07-18,1910,4022,4,1,5,4,5102,0,0,0,,0,004,"FORBES AV","OLIVE ST",0.00,,Y,A,-,N,,,,,,,,,,Y,2,0,3,4,A,-,01,23152,A,N,D,C,A,A,H,-,A,A,0,,,,,Y,Y,A,01,2,0,1,0,0,0,0,0,0,"- ","- ",,,SUTTER,"YUBA CITY",-121.62127999000001,39.137729950000001
8157372,2016,2016-11-03,5102,2016-10-15,1040,9013,2,6,5,4,5102,0,0,0,,0,002,"BRIDGE ST","JOY WY",175.00,E,N,B,C,N,,,,,,,,,,Y,2,0,1,2,A,-,09,21804,,N,D,C,A,B,H,-,A,D,0,,,Y,,Y,,A,01,1,0,0,0,0,0,0,0,1,"- ","- ",39.132379999999998,-121.63688999999999,SUTTER,"YUBA CITY",-121.63864296,39.132330000000003
8167530,2017,2018-03-08,5102,2017-01-26,1636,4073,3,4,5,4,5102,0,0,0,,0,,"LEWIS AV","MAPLE AV",125.00,W,N,A,-,N,,,,,,,,,,N,1,1,0,2,A,-,03,22350,,N,G,B,E,A,H,-,A,D,0,Y,,,,Y,,A,07,0,0,0,1,0,0,0,0,0,"- ","- ",,,SUTTER,"YUBA CITY",-121.62286462,39.1456309
8167555,2018,2020-05-26,5102,2018-02-03,0037,4091,1,6,5,4,5102,0,0,0,,0,001,"N WALTON AV","FRANKLIN RD",485.00,N,N,A,-,N,,,,,,,,,,N,1,1,0,2,D,-,00,,,F,D,G,A,A,H,-,C,D,0,,Y,,,Y,Y,-,"- ",0,0,0,0,0,1,0,0,0,"- ","- ",,,SUTTER,"YUBA CITY",-121.64389038085938,39.128631591796875
8369292,2017,2017-05-30,5102,2017-05-02,1920,9002,4,2,5,4,5102,0,0,0,,0,004,"GRAY AV","FREDERICK ST",64.00,N,N,A,-,N,,,,,,,,,,N,2,0,1,2,C,-,18,,,F,G,B,E,A,H,-,A,D,0,Y,,,,Y,,-,"- ",1,0,0,0,1,0,0,0,0,"- ","- ",39.131180000000001,-121.62963999999999,SUTTER,"YUBA CITY",-121.62987524,39.131125699999998
8385999,2017,2017-07-10,5102,2017-06-17,0120,4104,4,6,5,4,5102,0,0,0,,0,004,"BRIDGE ST","CEMETERY WY",624.00,E,N,A,-,N,,,,,,,,,,Y,2,0,2,1,A,-,01,23152,A,N,F,A,A,A,H,-,D,D,0,,,,,Y,,A,07,2,0,0,0,0,0,0,0,0,"- ","- ",,,SUTTER,"YUBA CITY",-121.61121145,39.136818920000003
8404536,2017,2017-09-25,5102,2017-07-25,1513,4083,3,2,5,4,5102,0,0,0,,0,,"RT 20","CLARK AV",47.00,S,N,A,-,Y,SUT,3,20,-,-,16.060,I,5,W,Y,1,1,0,2,A,-,12,21453,A,N,D,C,A,A,H,-,A,A,0,,,,Y,Y,,F,26,0,0,0,0,0,0,0,0,0,"- ","- ",,,SUTTER,"YUBA CITY",-121.62569646999999,39.14170704
8479836,2017,2018-07-09,5102,2017-10-09,1800,4107,4,1,5,4,5102,0,0,0,,0,004,"RT 20","GRAY AV",0.00,,Y,A,-,Y,SUT,3,20,-,-,15.810,I,5,E,Y,2,0,2,2,A,-,12,21453,A,N,D,C,A,A,H,-,A,A,0,,,,,Y,,A,01,1,0,1,0,0,0,0,0,0,"- ","- ",,,SUTTER,"YUBA CITY",-121.63030126,39.141682930000002
8507154,2017,2018-01-29,5102,2017-11-26,0153,4104,3,7,5,4,5102,0,0,0,,0,003,"10TH ST BRIDGE","SUTTER ST",0.00,,Y,A,-,N,,,,,,,,,,Y,2,0,2,1,A,-,01,23153,A,N,F,A,A,A,H,-,C,D,0,,,,,Y,Y,A,01,2,0,0,0,0,0,0,0,0,"- ","- ",,,SUTTER,"YUBA CITY",-121.61204696,39.142603940000001
8510270,2017,2017-12-19,5102,2017-10-25,1325,4073,4,3,5,4,5102,0,0,0,,0,004,"BRIDGE ST","SHASTA ST",0.00,,Y,A,-,N,,,,,,,,,,Y,2,0,2,2,A,-,12,21453,A,N,D,C,A,A,H,-,A,A,0,,,,Y,Y,,A,07,1,1,0,0,0,0,0,0,0,"- ","- ",,,SUTTER,"YUBA CITY",-121.61366997,39.135959900000003
8543535,2018,2018-07-30,5102,2018-01-12,1548,4100,1,5,5,4,5102,0,0,0,,0,001,"RT 20","WALTON AV",400.00,W,N,A,-,Y,SUT,3,20,-,R,15.040,H,-,W,Y,2,0,1,2,A,-,03,22350,,N,D,C,A,A,H,-,A,A,0,,,Y,,Y,,C,02,1,0,0,0,0,0,0,0,1,"- ","- ",,,SUTTER,"YUBA CITY",-121.64503479003906,39.141754150390625
8598311,2018,2018-07-31,5100,2018-03-18,1420,2091,LOCA3,7,5,2,5101,0,0,0,,0,02B,"RT 99","ELM ST",170.00,N,N,A,-,Y,SUT,3,99,-,-,40.072,H,-,S,Y,2,0,5,2,A,-,03,22350,,N,D,C,A,A,H,-,A,A,0,,,,,Y,Y,A,01,1,0,4,0,0,0,0,0,0,"- ","- ",,,SUTTER,"LIVE OAK",-121.66065216064453,39.273555755615234
8634327,2018,2018-06-13,5102,2018-05-08,1837,4027,1,2,5,4,5102,0,0,0,,0,001,"EL MARGARITA RD","FRANKLIN RD",35.00,S,N,A,-,N,,,,,,,,,,Y,2,0,1,2,A,-,08,22107,,N,D,C,A,A,H,-,A,D,0,,,,,Y,,A,01,1,0,0,0,0,0,0,0,0,"- ","- ",,,SUTTER,"YUBA CITY",-121.66239166259766,39.127178192138672
8665143,2018,2018-12-31,5102,2018-09-01,1635,4117,4,6,5,4,5102,0,0,0,,0,004,"RT 20","EL MARGARITA RD",0.00,,Y,A,-,Y,SUT,3,20,-,-,14.095,I,5,E,Y,2,0,1,2,A,-,09,21801,A,N,D,C,A,A,H,-,A,D,0,,,Y,,Y,,C,02,1,0,0,0,0,0,0,0,1,"- ","- ",,,SUTTER,"YUBA CITY",-121.66249084472656,39.141395568847656
8765075,2018,2019-01-29,5100,2018-11-27,1729,5109,LOCA4,2,5,2,5101,0,0,0,,0,02A,"RT 99","ASH ST",69.00,S,N,C,-,Y,SUT,3,99,-,-,39.820,H,-,S,N,2,0,1,2,A,-,11,21954,A,N,G,B,D,B,H,-,D,D,0,Y,,,,Y,,N,60,1,0,0,0,1,0,0,0,0,"- ","- ",,,SUTTER,"LIVE OAK",-121.65953063964844,39.269912719726562
8780683,2018,2019-01-25,5102,2018-12-01,0216,4106,4,6,5,4,5102,0,0,0,,0,,"B ST","COOPER AV",80.00,S,N,C,-,N,,,,,,,,,,Y,2,0,1,1,A,-,"- ",,,N,E,I,A,B,H,-,C,A,0,,,,,Y,,A,01,1,0,0,0,0,0,0,0,0,"- ","- ",,,SUTTER,"YUBA CITY",-121.62340545654297,39.130359649658203
8792927,2019,2019-02-26,5102,2019-02-09,0158,4106,4,6,5,4,5102,0,0,0,,0,,"BRIDGE ST","SHASTA ST",39.00,E,N,A,-,N,,,,,,,,,,Y,2,0,2,2,A,-,01,23153,A,N,C,C,A,B,H,-,C,A,0,,,,,Y,Y,D,22,1,0,1,0,0,0,0,0,0,"- ","- ",,,SUTTER,"YUBA CITY",-121.61354827880859,39.136005401611328
8793480,2019,2019-02-26,5102,2019-02-01,0957,4118,5,5,5,4,5102,0,0,0,,0,005,"GARDEN HWY","SAMUEL DR",0.00,,Y,A,-,N,,,,,,,,,,N,2,0,1,2,A,-,08,22107,,N,D,E,A,A,H,-,A,D,0,,,Y,,Y,,C,02,1,0,0,0,0,0,0,0,1,"- ","- ",,,SUTTER,"YUBA CITY",-121.61077117919922,39.123470306396484
8889626,2019,2019-07-23,5102,2019-06-24,1800,4069,4,1,5,4,5102,0,0,0,,0,004,"PLUMAS ST","TEEGARDEN AV",50.00,N,N,A,-,N,,,,,,,,,,Y,2,0,1,2,A,-,05,21650,1,N,A,G,A,A,H,-,A,D,0,,Y,,,Y,,L,04,1,0,0,0,0,0,1,0,0,"- ","- ",,,SUTTER,"YUBA CITY",-121.61660766601562,39.138198852539062
8910395,2019,2020-01-27,5102,2019-08-09,1620,447,4,5,5,4,5102,0,0,0,,0,004,"RT 99","SUNSWEET BL",848.00,N,N,A,-,Y,SUT,3,99,-,-,30.410,H,-,N,Y,2,0,2,2,A,-,04,21703,,N,C,C,A,A,H,-,A,D,0,,,,,Y,,A,01,1,0,1,0,0,0,0,0,0,"- ","- ",,,SUTTER,"YUBA CITY",-121.63452911376953,39.138629913330078
8911142,2020,2022-06-14,5102,2020-04-03,2021,4073,1,5,5,4,5102,0,0,0,,0,001,"TIERRA BUENA RD","BUTTE HOUSE RD",960.00,S,N,A,-,N,,,,,,,,,,Y,1,1,0,1,A,-,03,22350,,N,E,I,A,A,H,-,C,D,0,,,Y,,Y,,C,02,0,0,0,0,0,0,0,1,0,"- ","- ",,,SUTTER,"YUBA CITY",-121.66242218017578,39.150623321533203
8911500,2020,2022-06-14,5102,2020-08-05,0041,9005,5,3,5,4,5102,0,0,0,,0,005,"GARDEN HWY","PERCY AV",0.00,,Y,A,-,N,,,,,,,,,,Y,1,1,0,2,A,-,10,21950,A,N,G,B,B,A,H,-,C,A,0,Y,,,,Y,Y,A,07,0,0,0,1,0,0,0,0,0,"- ","- ",,,SUTTER,"YUBA CITY",-121.61269378662109,39.122100830078125
8939164,2019,2019-11-21,5102,2019-10-07,0809,4077,1,1,5,4,5102,0,0,0,,0,001,"FRANKLIN RD","LYNDSEY LN",0.00,,Y,A,-,N,,,,,,,,,,N,1,1,0,2,A,-,01,23152,A,F,G,B,D,A,H,-,A,D,0,Y,,,,Y,Y,A,07,0,0,0,1,0,0,0,0,0,"- ","- ",,,SUTTER,"YUBA CITY",-121.67954254150391,39.127040863037109
8939397,2019,2019-11-22,5102,2019-10-27,1401,4113,2,7,5,4,5102,0,0,0,,0,002,"RT 99","NORTH COLUSA HWY",37.00,N,N,A,-,Y,SUT,3,99,-,T,30.640,H,-,S,Y,1,1,0,3,A,-,03,22350,,N,C,C,A,A,H,-,A,A,0,,,,Y,Y,,F,25,0,0,0,0,0,0,0,0,0,"- ","- ",,,SUTTER,"YUBA CITY",-121.63467407226562,39.141998291015625