CASE_ID,ACCIDENT_YEAR,PROC_DATE,JURIS,COLLISION_DATE,COLLISION_TIME,OFFICER_ID,REPORTING_DISTRICT,DAY_OF_WEEK,CHP_SHIFT,POPULATION,CNTY_CITY_LOC,SPECIAL_COND,BEAT_TYPE,CHP_BEAT_TYPE,CITY_DIVISION_LAPD,CHP_BEAT_CLASS,BEAT_NUMBER,PRIMARY_RD,SECONDARY_RD,DISTANCE,DIRECTION,INTERSECTION,WEATHER_1,WEATHER_2,STATE_HWY_IND,CALTRANS_COUNTY,CALTRANS_DISTRICT,STATE_ROUTE,ROUTE_SUFFIX,POSTMILE_PREFIX,POSTMILE,LOCATION_TYPE,RAMP_INTERSECTION,SIDE_OF_HWY,TOW_AWAY,COLLISION_SEVERITY,NUMBER_KILLED,NUMBER_INJURED,PARTY_COUNT,PRIMARY_COLL_FACTOR,PCF_CODE_OF_VIOL,PCF_VIOL_CATEGORY,PCF_VIOLATION,PCF_VIOL_SUBSECTION,HIT_AND_RUN,TYPE_OF_COLLISION,MVIW,PED_ACTION,ROAD_SURFACE,ROAD_COND_1,ROAD_COND_2,LIGHTING,CONTROL_DEVICE,CHP_ROAD_TYPE,PEDESTRIAN_ACCIDENT,BICYCLE_ACCIDENT,MOTORCYCLE_ACCIDENT,TRUCK_ACCIDENT,NOT_PRIVATE_PROPERTY,ALCOHOL_INVOLVED,STWD_VEHTYPE_AT_FAULT,CHP_VEHTYPE_AT_FAULT,COUNT_SEVERE_INJ,COUNT_VISIBLE_INJ,COUNT_COMPLAINT_PAIN,COUNT_PED_KILLED,COUNT_PED_INJURED,COUNT_BICYCLIST_KILLED,COUNT_BICYCLIST_INJURED,COUNT_MC_KILLED,COUNT_MC_INJURED,PRIMARY_RAMP,SECONDARY_RAMP,LATITUDE,LONGITUDE,COUNTY,CITY,POINT_X,POINT_Y
8946375,2019,2019-10-02,5102,2019-06-13,1719,4077,5,4,5,4,5102,0,0,0,,0,005,"GARDEN HWY","PERCY AV",0.00,,Y,A,-,N,,,,,,,,,,Y,2,0,1,2,A,-,12,21453,,F,D,C,A,A,H,-,A,A,0,,,Y,,Y,,A,07,1,0,0,0,0,0,0,0,1,"- ","- ",,,SUTTER,"YUBA CITY",-121.61269378662109,39.122100830078125
90014146,2015,2015-10-29,9285,2015-08-25,0800,013174,9285,2,1,9,5100,0,3,5,,1,007,"CLARK ROAD","E. BUTTE ROAD",2640.00,E,N,A,-,N,,,,,,,,,,Y,2,0,1,1,A,-,08,22107,,N,E,I,A,A,H,-,A,D,0,,,,,Y,,A,07,1,0,0,0,0,0,0,0,0,"- ","- ",39.139040000000001,-121.42328000000001,SUTTER,UNINCORPORATED,-121.70575383000001,39.231706279999997
90015508,2015,2015-10-19,9285,2015-08-17,1010,013806,,1,1,9,5100,0,1,3,,1,051,SR-99,"OSWALD RD",1584.00,S,N,A,-,Y,,,99,,,,,,,Y,2,0,3,2,A,-,09,21801,A,N,D,C,A,A,H,-,A,D,0,,,,,Y,,M,47,1,1,1,0,0,0,0,0,0,"- ","- ",39.066589999999998,-121.63339999999999,SUTTER,UNINCORPORATED,-121.63341113,39.066590140000002
90049178,2015,2015-11-12,9285,2015-09-08,1738,013966,,2,2,9,5100,0,2,4,,1,073,"LIVE OAK BOULEVARD","MORSE ROAD",2376.00,S,N,A,-,N,,,,,,,,,,Y,1,1,0,2,A,-,00,21760,,N,C,G,A,A,H,-,A,D,0,,Y,,,Y,,A,01,0,0,0,0,0,1,0,0,0,"- ","- ",39.12135,-121.38805000000001,SUTTER,UNINCORPORATED,-121.63633939,39.205177800000001
9005442,2019,2020-02-26,5102,2019-12-15,1227,9000,4,7,5,4,5102,0,0,0,,0,004,"RAILROAD AV","BOGUE RD",0.00,,Y,A,-,N,,,,,,,,,,Y,2,0,1,2,A,-,09,21800,B,N,D,C,A,A,H,-,A,-,0,,,,,Y,,A,01,1,0,0,0,0,0,0,0,0,"- ","- ",,,SUTTER,"YUBA CITY",-121.62505340576172,39.098381042480469
90128490,2016,2016-03-03,9285,2016-02-28,1300,014744,,7,1,9,5100,0,3,5,,1,007,"WEST BUTTE ROAD","PASS ROAD",4224.00,N,N,A,-,N,,,,,,,,,,Y,2,0,1,1,A,-,03,22350,,N,F,A,A,A,H,-,A,D,0,,,Y,,Y,,C,02,1,0,0,0,0,0,0,0,1,"- ","- ",39.196599999999997,-121.89452,SUTTER,UNINCORPORATED,-121.89418972,39.196296230000002
90132913,2016,2016-03-09,9285,2016-02-26,1802,018286,,5,2,9,5100,0,1,3,,1,011,SR-99,"POWERLINE RD",0.00,,Y,A,-,Y,,,,,,,,,,Y,2,0,4,4,A,-,01,23152,A,N,D,C,A,A,H,-,B,A,0,,,,Y,Y,Y,A,07,1,2,1,0,0,0,0,0,0,"- ","- ",38.530749999999998,-121.34126999999999,SUTTER,UNINCORPORATED,-121.57047999,38.88561997
90150334,2016,2016-04-04,9285,2016-03-27,1355,015069,,7,1,9,5100,0,3,5,,1,001,"GARDEN HIGHWAY","VERNON ROAD",2640.00,N,N,A,B,N,,,,,,,,,,Y,2,0,1,1,C,-,18,,,N,E,H,A,A,H,-,A,D,0,,,Y,,Y,,-,"- ",1,0,0,0,0,0,0,0,1,"- ","- ",38.792520000000003,-121.62669,SUTTER,UNINCORPORATED,-121.62520581,38.790918810000001
90193471,2016,2016-06-02,9285,2016-05-22,2219,015491,,7,3,9,5100,0,3,5,,1,001,"DALBY RD","PLACER RD",0.00,,Y,A,-,N,,,,,,,,,,Y,2,0,1,1,A,-,03,22350,,N,E,I,A,A,H,-,D,D,0,,,,,Y,,A,07,1,0,0,0,0,0,0,0,0,"- ","- ",38.970649999999999,-121.41472,SUTTER,UNINCORPORATED,-121.41468644,38.970724699999998
90202151,2016,2016-06-15,9285,2016-06-01,1620,017900,,3,2,9,5100,0,2,4,,1,073,"BUTTE HOUSE ROAD","PEPPER STREET",0.00,,Y,A,-,N,,,,,,,,,,Y,2,0,1,2,A,-,09,21801,A,N,A,C,A,A,H,-,A,A,0,,,Y,,Y,,A,01,1,0,0,0,0,0,0,0,1,"- ","- ",39.168610000000001,-121.74633,SUTTER,UNINCORPORATED,-121.74631986,39.168639990000003
90219635,2016,2016-07-11,9285,2016-06-17,0533,018522,,5,3,9,5100,0,1,3,,1,051,"SR-99 N/B","OSWALD ROAD",700.00,S,N,A,-,Y,,,99,,,,,,N,Y,2,0,1,2,A,-,09,21804,B,N,B,C,A,A,H,-,A,D,0,,,,Y,Y,,D,22,1,0,0,0,0,0,0,0,0,"- ","- ",39.068190000000001,-121.63366000000001,SUTTER,UNINCORPORATED,-121.63338186999999,39.06818406
90251896,2016,2016-08-24,9285,2016-08-17,1500,013174,,3,2,9,5100,0,1,3,,1,051,"SR-99 N/B","TUDOR ROAD",1320.00,N,N,A,-,Y,,,99,,,,,,N,Y,2,0,1,1,A,-,08,22107,,N,E,I,A,A,H,-,A,D,0,,,,,Y,,A,01,1,0,0,0,0,0,0,0,0,"- ","- ",39.007010000000001,-121.63382,SUTTER,UNINCORPORATED,-121.63382426,39.007007629999997
90252397,2016,2016-08-25,9285,2016-08-20,2036,018561,,6,2,9,5100,0,3,5,,1,007,"NUESTRO RD",BROADWAY,1056.00,W,N,A,-,N,,,,,,,,,,Y,2,0,1,2,A,-,05,21202,A,N,C,G,A,A,H,-,D,D,0,,Y,,,Y,,L,04,1,0,0,0,0,0,1,0,0,"- ","- ",39.185169999999999,-121.68221,SUTTER,UNINCORPORATED,-121.68230613999999,39.185161219999998
90253018,2016,2016-08-25,9285,2016-06-21,2120,018107,,2,2,9,5100,0,3,5,,1,001,"PLEASANT GROVE RD","RIEGO RD",1848.00,S,N,A,-,N,,,,,,,,,,N,1,1,0,2,A,-,11,21956,,N,G,B,E,A,H,-,D,D,0,Y,,,,Y,Y,N,60,0,0,0,1,0,0,0,0,0,"- ","- ",38.746090000000002,-121.48444000000001,SUTTER,UNINCORPORATED,-121.48829000000001,38.75132
90334200,2016,2016-12-01,9285,2016-11-19,1030,016343,,6,1,9,5100,0,1,3,,1,011,"SR-99 N/B","RIEGO ROAD",2640.00,S,N,C,-,Y,,,99,,,,,,N,Y,2,0,1,1,A,-,03,22350,,N,F,A,A,B,H,-,A,D,0,,,Y,,Y,,C,02,1,0,0,0,0,0,0,0,1,"- ","- ",38.743290000000002,-121.54021,SUTTER,UNINCORPORATED,-121.54024085,38.743290379999998
90334514,2016,2016-12-01,9285,2016-06-22,1920,018107,,3,2,9,5100,0,1,3,,1,071,SR-99,"PASEO ROAD",84.00,N,N,A,-,Y,,,99,,,,,,,Y,2,0,3,2,B,-,22,,,N,D,C,A,A,H,-,A,D,0,,,,,Y,,J,48,1,1,1,0,0,0,0,0,0,"- ","- ",39.250300000000003,-121.65226,SUTTER,UNINCORPORATED,-121.6523306,39.250276319999998
90350793,2016,2016-12-21,9285,2016-12-08,1405,015976,,4,2,9,5100,0,1,3,,1,051,SR-99,"OSWALD RD",0.00,,Y,B,C,Y,,,99,,,,,,,Y,2,0,3,2,A,-,09,21802,A,N,D,C,A,B,H,-,A,A,0,,,,Y,Y,,G,27,2,0,1,0,0,0,0,0,0,"- ","- ",39.06908,-121.63317000000001,SUTTER,UNINCORPORATED,-121.63337176,39.06908164
90375270,2016,2017-06-12,9285,2016-12-24,0950,017534,,6,1,9,5100,0,1,3,,2,031,"STATE ROUTE 113","BYINGTON ROAD",1056.00,N,N,E,-,Y,,,,,,,,,,Y,1,1,1,2,A,-,03,22350,,N,C,C,A,A,H,-,A,D,0,,,,,Y,,D,22,0,0,1,0,0,0,0,0,0,"- ","- ",38.12791,-121.5547,SUTTER,UNINCORPORATED,-121.71405042000001,38.85368922
90397415,2017,2017-02-21,9285,2017-01-29,1315,015976,,7,1,9,5100,0,1,3,,1,011,SR-99,"STRIPLIN RD",2640.00,N,N,B,-,Y,,,99,,,,,,,Y,2,0,1,1,A,-,08,22107,,N,E,I,A,A,H,-,A,D,0,,,,,Y,,A,01,1,0,0,0,0,0,0,0,0,"- ","- ",38.873539999999998,-121.56043,SUTTER,UNINCORPORATED,-121.56053429000001,38.873454719999998
90411006,2017,2017-03-13,9285,2017-02-26,0215,019223,,7,3,9,5100,0,3,5,,1,007,"TIERRA BUENA RD","YOUNG RD",1452.00,N,N,A,-,N,,,,,,,,,,Y,2,0,1,1,A,-,01,23152,A,N,E,I,A,A,H,-,D,D,0,,,,,Y,Y,D,22,1,0,0,0,0,0,0,0,0,"- ","- ",39.168010000000002,-121.66236000000001,SUTTER,UNINCORPORATED,-121.66230442,39.16751738
90424207,2017,2017-03-30,9285,2017-03-27,1900,018475,,1,2,9,5100,0,3,5,,1,007,"ARCHER AVE","SINNARD AVE",575.00,W,N,A,-,N,,,,,,,,,,N,2,0,1,2,A,-,01,23152,A,F,G,B,E,A,H,-,A,D,0,Y,,,,Y,Y,A,01,1,0,0,0,1,0,0,0,0,"- ","- ",39.272030000000001,-121.65165,SUTTER,UNINCORPORATED,-121.65152141,39.272020740000002
90443524,2017,2017-04-27,9285,2017-04-16,1245,017163,,7,1,9,5100,0,3,5,,1,001,"SANKEY RD","PLEASANT GROVE RD",0.00,,Y,B,C,N,,,,,,,,,,Y,1,1,1,2,A,-,09,21802,A,N,D,C,A,B,H,-,A,A,0,,,,Y,Y,,A,01,0,1,0,0,0,0,0,0,0,"- ","- ",38.780360000000002,-121.48860999999999,SUTTER,UNINCORPORATED,-121.48827991,38.780399969999998
90480696,2017,2017-06-19,9285,2017-05-18,1809,019798,,4,2,9,5100,0,1,3,,1,071,SR-99,"LIVE OAK BLVD",525.00,N,N,A,-,Y,,,99,,,,,,,Y,1,2,0,2,A,-,03,22350,,N,A,C,A,A,H,-,A,D,0,,,,,Y,,D,22,0,0,0,0,0,0,0,0,0,"- ","- ",39.219430000000003,-121.64095,SUTTER,UNINCORPORATED,-121.64097968999999,39.21943083
90492694,2017,2017-07-03,9285,2017-06-16,1937,019830,,5,2,9,5100,0,1,3,,2,031,SR-113,"GEORGE WASHINGTON BLVD",223.00,E,N,A,-,Y,,,113,,,,,,,Y,2,0,1,1,A,-,08,22107,,N,E,I,A,A,H,-,A,D,0,,,Y,,Y,,C,02,1,0,0,0,0,0,0,0,1,"- ","- ",39.003160000000001,-121.67104999999999,SUTTER,UNINCORPORATED,-121.67101795000001,39.003074519999998
90492716,2017,2017-07-03,9285,2017-05-21,1255,015976,,7,1,9,5100,0,1,3,,1,010,"SR-70 S/B",SR-99,100.00,E,N,A,-,Y,,,,,,,,,,Y,2,0,1,1,A,-,08,22107,,N,E,I,A,A,H,-,A,D,0,,,,,Y,,D,22,1,0,0,0,0,0,0,0,0,"- ","- ",38.854550000000003,-121.54396,SUTTER,UNINCORPORATED,-121.54447141999999,38.852985740000001
90504429,2017,2017-07-20,9285,2017-07-11,0000,019253,,2,3,9,5100,0,2,4,,1,073,"LIVE OAK BLVD","EAGER RD",555.00,S,N,A,-,N,,,,,,,,,,Y,2,0,1,1,A,-,08,22107,,N,E,I,A,A,H,-,D,D,0,,,,,Y,,A,01,1,0,0,0,0,0,0,0,0,"- ","- ",39.188459999999999,-121.63024,SUTTER,UNINCORPORATED,-121.63018784,39.188475480000001
90507452,2017,2017-08-01,9285,2017-07-12,0156,019253,,3,3,9,5100,0,1,3,,1,051,"SR-99 S/B","BARRY RD",1365.00,S,N,A,-,Y,,,99,,,,,,S,Y,2,0,2,2,A,-,01,23152,A,N,D,C,A,A,H,-,D,D,0,,,,Y,Y,Y,A,01,1,0,1,0,0,0,0,0,0,"- ","- ",39.076259999999998,-121.63482,SUTTER,UNINCORPORATED,-121.63495448,39.076262069999999
90535458,2017,2017-08-28,9285,2017-08-23,0707,014401,,3,1,9,5100,0,3,5,,1,007,"PASS RD","KELLOGG RD",2798.00,E,N,A,-,N,,,,,,,,,,Y,2,0,1,1,C,-,18,,,N,E,H,A,A,H,-,A,D,0,,,Y,,Y,,-,"- ",1,0,0,0,0,0,0,0,1,"- ","- ",39.186079999999997,-121.77178000000001,SUTTER,UNINCORPORATED,-121.77248391000001,39.186243679999997
9057486,2020,2020-07-13,5102,2020-03-27,1210,4105,5,5,5,4,5102,0,0,0,,0,005,"GARDEN HWY","RIVER OAKS DR",0.00,,Y,A,-,N,,,,,,,,,,N,2,0,1,2,A,-,09,21802,A,N,B,C,A,A,H,-,A,D,0,,,Y,,Y,,A,01,1,0,0,0,0,0,0,0,1,"- ","- ",39.103118896484375,-121.61605834960938,SUTTER,"YUBA CITY",-121.61614990234375,39.103099822998047
90577100,2017,2017-10-24,9285,2017-08-11,0217,018153,,5,3,9,5100,0,3,5,,1,001,"EL CENTRO BLVD","MARCUM RD",1056.00,N,N,A,-,N,,,,,,,,,,Y,1,1,0,1,A,-,08,22107,,N,F,A,A,A,H,-,D,D,0,,,,,Y,,A,01,0,0,0,0,0,0,0,0,0,"- ","- ",38.898719999999997,-121.542,SUTTER,UNINCORPORATED,-121.54132663999999,38.898174779999998
90595007,2017,2017-11-21,9285,2017-10-15,0413,020103,,7,3,9,5100,0,1,3,,2,031,SR-113,"SOUTH SUTTER BYPASS UNDERCROSSING",3510.00,N,N,A,-,Y,,,113,,,,,,,Y,1,1,1,2,A,-,01,23152,A,N,A,C,A,A,H,-,D,D,0,,,,,Y,Y,A,01,1,0,0,0,0,0,0,0,0,"- ","- ",38.96264,-121.67377999999999,SUTTER,UNINCORPORATED,-121.67372398000001,38.96262187
90597967,2017,2017-11-20,9285,2017-11-18,2327,019300,,6,3,9,5100,0,2,4,,1,073,"HUMPHREY RD","BUTTE HOUSE RD",0.00,,Y,A,-,N,,,,,,,,,,Y,2,0,1,1,A,-,12,22450,A,N,E,I,A,A,H,-,D,A,0,,,,,Y,,D,22,1,0,0,0,0,0,0,0,0,"- ","- ",39.166699999999999,-121.72587,SUTTER,UNINCORPORATED,-121.72579988,39.166789899999998
90617472,2017,2017-12-14,9285,2017-12-08,1540,018768,,5,2,9,5100,0,1,3,,1,010,SR-70,"KEMPTON RD",2112.00,N,N,A,-,Y,,,70,,,,,,,N,2,0,1,1,A,-,08,22107,,N,E,I,A,A,H,-,A,D,0,,,,,Y,,D,22,1,0,0,0,0,0,0,0,0,"- ","- ",38.960250000000002,-121.54342,SUTTER,UNINCORPORATED,-121.54358086000001,38.960251700000001
90633275,2017,2018-01-04,9285,2017-12-03,0405,019798,,7,3,9,5100,0,2,4,,1,052,"GARDEN HIGHWAY","STEWART ROAD",1056.00,S,N,B,-,N,,,,,,,,,,Y,2,0,5,1,A,-,01,23152,A,F,F,A,A,B,H,-,D,D,0,,,,,Y,Y,A,01,1,1,3,0,0,0,0,0,0,"- ","- ",39.085909999999998,-121.60733999999999,SUTTER,UNINCORPORATED,-121.60667511,39.084485899999997
90635388,2017,2018-01-08,9285,2017-12-25,1555,018632,,1,2,9,5100,0,3,5,,1,001,"PLEASANT GROVE RD","WHEATLAND ROAD",204.00,S,N,A,-,N,,,,,,,,,,Y,2,0,1,1,A,-,01,23152,A,N,E,I,A,A,H,-,A,D,0,,,,,Y,Y,A,01,1,0,0,0,0,0,0,0,0,"- ","- ",38.988889999999998,-121.48775000000001,SUTTER,UNINCORPORATED,-121.48763656,38.989159800000003
90642280,2018,2018-01-18,9285,2018-01-01,0040,019223,,1,3,9,5100,0,1,3,,1,051,"SR-99 N/B",SR-113,739.00,N,N,A,-,Y,,,99,,,,,,N,N,2,0,1,2,A,-,11,21954,A,N,G,B,E,A,H,-,D,D,0,Y,,,,Y,,N,60,1,0,0,0,1,0,0,0,0,"- ","- ",39.005260467529297,-121.63260650634766,SUTTER,UNINCORPORATED,-121.63266754150391,39.005210876464844
90664597,2018,2018-02-20,9285,2018-01-30,1038,015976,,2,1,9,5100,0,1,3,,1,071,SR-99,"CLARK RD",1584.00,S,N,B,-,Y,,,99,,,,,,,Y,2,0,2,3,A,-,03,22350,,N,C,C,A,A,H,-,A,D,0,,,,,Y,,A,01,1,1,0,0,0,0,0,0,0,"- ","- ",39.231868743896484,-121.64559936523438,SUTTER,UNINCORPORATED,-121.64554595947266,39.231887817382812
90677497,2018,2018-03-08,9285,2018-03-05,1740,019085,,1,2,9,5100,0,3,5,,1,007,"MERIDIAN RD","ALAMEDA ST",824.00,N,N,B,-,N,,,,,,,,,,Y,2,0,1,1,A,-,01,23152,A,N,E,I,A,A,H,-,A,D,0,,,,,Y,Y,D,22,1,0,0,0,0,0,0,0,0,"- ","- ",39.148639678955078,-121.91635894775391,SUTTER,UNINCORPORATED,-121.91651916503906,39.147018432617188
90736258,2018,2018-07-18,9285,2018-05-11,0729,013174,,5,1,9,5100,0,3,5,,1,001,"BEAR RIVER DR","BREWER RD",813.00,W,N,A,-,N,,,,,,,,,,Y,1,1,0,1,A,-,08,22107,,N,E,I,A,A,H,-,A,D,0,,,,,Y,,D,22,0,0,0,0,0,0,0,0,0,"- ","- ",38.980480194091797,-121.45480346679688,SUTTER,UNINCORPORATED,-121.45475006103516,38.980476379394531
90753176,2018,2018-06-21,9285,2018-06-15,1329,018522,,5,1,9,5100,0,1,3,,1,051,SR-99,"STEWART RD",0.00,,Y,A,-,Y,,,99,,,,,,,Y,2,0,1,2,A,-,01,23152,A,N,D,C,A,A,H,-,A,A,0,,,,,Y,Y,A,07,1,0,0,0,0,0,0,0,0,"- ","- ",39.087120056152344,-121.63481140136719,SUTTER,UNINCORPORATED,-121.63482666015625,39.087120056152344
90773705,2018,2018-07-20,9285,2018-07-09,1940,019401,,1,2,9,5100,0,1,3,,1,051,"SR-99 N/B","OSWALD RD",0.00,,Y,A,-,Y,,,99,,,,,,N,Y,2,0,1,2,A,-,09,21802,A,N,D,C,A,A,H,-,A,D,0,,,Y,,Y,,C,02,1,0,0,0,0,0,0,0,1,"- ","- ",39.069000244140625,-121.63339996337891,SUTTER,UNINCORPORATED,-121.63336944580078,39.069000244140625
90787787,2018,2018-08-27,9285,2018-07-22,1640,019401,,7,2,9,5100,0,3,5,,1,001,"WEST RIEGO RD",SR-99,3275.00,W,N,A,-,N,,,,,,,,,,Y,1,1,0,2,A,-,01,23152,A,N,A,C,A,A,H,-,A,D,0,,,Y,,Y,Y,D,22,0,0,0,0,0,0,0,1,0,"- ","- ",38.750160217285156,-121.55005645751953,SUTTER,UNINCORPORATED,-121.542236328125,38.750759124755859
90798594,2018,2018-08-27,9285,2018-08-18,1650,019401,,6,2,9,5100,0,1,3,,1,072,SR-20,"ACACIA AVENUE",80.00,W,N,A,-,N,,,20,,,,,,,Y,2,0,1,2,A,-,03,22350,,N,C,C,A,A,H,-,A,A,0,,,,,Y,,A,01,1,0,0,0,0,0,0,0,0,"- ","- ",39.142288208007812,-121.75428009033203,SUTTER,UNINCORPORATED,-121.75428009033203,39.142318725585938
90813559,2018,2018-09-14,9285,2018-09-11,0150,019253,,2,3,9,5100,0,1,3,,1,051,"SR-99 S/B","LINCOLN RD",1500.00,S,N,A,-,Y,,,99,,,,,,S,N,2,0,1,2,A,-,11,21954,A,F,G,B,D,A,H,-,D,D,0,Y,,,,Y,,N,60,1,0,0,0,1,0,0,0,0,"- ","- ",39.109630584716797,-121.63475036621094,SUTTER,UNINCORPORATED,-121.63468933105469,39.109630584716797
90817574,2018,2018-09-20,9285,2018-09-13,0740,016052,,4,1,9,5100,0,1,3,,1,072,SR-20,"FARMLAN ROAD",615.00,W,N,A,-,Y,,,20,,,,,,,Y,2,0,7,4,A,-,03,22350,,N,C,C,A,A,D,-,A,A,0,,,,,Y,,A,07,1,4,2,0,0,0,0,0,0,"- ","- ",39.143299102783203,-121.89578247070312,SUTTER,UNINCORPORATED,-121.89578247070312,39.143302917480469
90833602,2018,2018-10-11,9285,2018-09-26,1535,017382,,3,2,9,5100,0,1,3,,1,072,SR-20,"TOWNSHIP RD",1100.00,W,N,A,-,Y,,,20,,,,,,,Y,2,0,1,2,D,-,00,,,N,B,C,A,A,H,-,A,D,0,,,,Y,Y,,-,"- ",1,0,0,0,0,0,0,0,0,"- ","- ",39.141330718994141,-121.69228363037109,SUTTER,UNINCORPORATED,-121.69227600097656,39.141372680664062
90837700,2018,2018-10-17,9285,2018-09-27,2110,017382,,4,2,9,5100,0,1,3,,1,072,SR-20,"HUMPHREY RD",0.00,,Y,A,-,Y,,,20,,,,,,,Y,2,0,2,2,A,-,12,22450,A,N,D,C,A,A,H,-,D,A,0,,,,,Y,,A,01,2,0,0,0,0,0,0,0,0,"- ","- ",39.141998291015625,-121.72615051269531,SUTTER,UNINCORPORATED,-121.72615051269531,39.141944885253906
90838238,2018,2018-10-17,9285,2018-10-13,0105,018522,,6,3,9,5100,0,3,5,,1,007,"N BUTTE ROAD","WEST BUTTE RD",4224.00,E,N,A,-,N,,,,,,,,,,Y,2,0,1,1,A,-,03,22350,,N,E,I,A,A,H,-,D,D,0,,,,,Y,,A,07,1,0,0,0,0,0,0,0,0,"- ","- ",39.290790557861328,-121.84506225585938,SUTTER,UNINCORPORATED,-121.84503936767578,39.289764404296875
90840170,2018,2019-03-05,9285,2018-10-08,0606,014401,,1,1,9,5100,0,1,3,,1,011,SR-99,"SACRAMENTO AVENUE",51.00,N,N,A,-,Y,,,,,,,,,,Y,1,2,2,3,A,-,08,22107,,N,A,C,A,A,H,-,D,D,0,,,,Y,Y,,F,27,0,1,1,0,0,0,0,0,0,"- ","- ",39.916561126708984,-121.60600280761719,SUTTER,UNINCORPORATED,-121.6058349609375,38.916534423828125
90843285,2018,2018-10-24,9285,2018-10-19,0020,018522,,5,3,9,5100,0,1,3,,1,072,SR-20,"TOWNSHIP RD",550.00,E,N,A,-,Y,,,20,,,,,,,Y,2,0,1,2,A,-,01,23152,A,N,C,C,A,A,H,-,D,D,0,,,,,Y,Y,A,01,1,0,0,0,0,0,0,0,0,"- ","- ",39.141448974609375,-121.6868896484375,SUTTER,UNINCORPORATED,-121.6868896484375,39.141441345214844
90866222,2018,2018-11-26,9285,2018-11-13,1135,016844,,2,1,9,5100,0,3,5,,1,003,"ARMOUR RD.","MACKERT RD.",175.00,N,N,A,-,N,,,,,,,,,,Y,2,0,1,1,A,-,03,22350,,N,E,I,A,A,G,-,A,A,0,,,,,Y,,A,01,1,0,0,0,0,0,0,0,0,"- ","- ",38.835990905761719,-121.67292785644531,SUTTER,UNINCORPORATED,-121.67288208007812,38.836200714111328
90888169,2018,2018-12-21,9285,2018-12-17,1623,014480,,1,2,9,5100,0,3,5,,1,001,"W. RIEGO RD","PACIFIC AVE",1584.00,W,N,A,-,N,,,,,,,,,,Y,1,2,1,3,A,-,08,22107,,N,A,C,A,A,H,-,A,D,0,,,,,Y,,A,07,0,1,0,0,0,0,0,0,0,"- ","- ",38.750568389892578,-121.53035736083984,SUTTER,UNINCORPORATED,-121.53074645996094,38.750545501708984
90888625,2018,2018-12-24,9285,2018-12-23,1645,019085,,7,2,9,5100,0,2,4,,1,052,"S. WALTON AVE","OSWALD RD",885.00,N,N,B,-,N,,,,,,,,,,Y,2,0,1,1,A,-,08,22107,,N,E,I,A,B,H,-,A,D,0,,,,,Y,,A,01,1,0,0,0,0,0,0,0,0,"- ","- ",39.070949554443359,-121.64394378662109,SUTTER,UNINCORPORATED,-121.64395141601562,39.071338653564453
90888695,2018,2018-12-24,9285,2018-12-15,1200,015849,,6,1,9,5100,0,1,3,,1,071,SR-99,"BISHOP AVE",0.00,,Y,B,-,Y,,,99,,,,,,,Y,1,1,0,2,A,-,09,21802,A,N,D,C,A,A,H,-,A,D,0,,,,Y,Y,,A,01,0,0,0,0,0,0,0,0,0,"- ","- ",39.259368896484375,-121.65567016601562,SUTTER,UNINCORPORATED,-121.65567779541016,39.259368896484375
90900111,2018,2019-01-08,9285,2018-12-30,1430,019085,,7,2,9,5100,0,1,3,,1,010,SR-70,"MARCUM RD",1574.00,S,N,B,-,Y,,,70,,,,,,,Y,2,0,1,2,A,-,01,23152,A,N,C,C,A,A,H,-,A,D,0,,,,,Y,Y,D,22,1,0,0,0,0,0,0,0,0,"- ","- ",38.891918182373047,-121.54316711425781,SUTTER,UNINCORPORATED,-121.54320526123047,38.891914367675781
90915403,2019,2019-02-05,9285,2019-01-23,0500,015849,,3,3,9,5100,0,1,3,,1,071,SR-99,"EAGER ROAD",0.00,,N,A,-,Y,,,99,,,,,,,N,1,1,0,2,D,-,00,,,F,G,B,E,A,H,-,C,D,0,Y,,,,Y,,-,"- ",0,0,0,1,0,0,0,0,0,"- ","- ",39.201419830322266,-121.63519287109375,SUTTER,UNINCORPORATED,-121.63523101806641,39.201408386230469
90973058,2019,2019-04-23,9285,2019-03-29,0618,013174,,5,1,9,5100,0,1,3,,1,011,SR-99,"SANKEY RD",214.00,N,N,A,-,Y,,,99,,,,,,,Y,2,0,1,2,A,-,03,22350,,N,D,C,A,A,H,-,A,D,0,,,,Y,Y,,G,25,1,0,0,0,0,0,0,0,0,"- ","- ",38.780139923095703,-121.54325103759766,SUTTER,UNINCORPORATED,-121.54338836669922,38.780136108398438