CASE_ID,ACCIDENT_YEAR,PROC_DATE,JURIS,COLLISION_DATE,COLLISION_TIME,OFFICER_ID,REPORTING_DISTRICT,DAY_OF_WEEK,CHP_SHIFT,POPULATION,CNTY_CITY_LOC,SPECIAL_COND,BEAT_TYPE,CHP_BEAT_TYPE,CITY_DIVISION_LAPD,CHP_BEAT_CLASS,BEAT_NUMBER,PRIMARY_RD,SECONDARY_RD,DISTANCE,DIRECTION,INTERSECTION,WEATHER_1,WEATHER_2,STATE_HWY_IND,CALTRANS_COUNTY,CALTRANS_DISTRICT,STATE_ROUTE,ROUTE_SUFFIX,POSTMILE_PREFIX,POSTMILE,LOCATION_TYPE,RAMP_INTERSECTION,SIDE_OF_HWY,TOW_AWAY,COLLISION_SEVERITY,NUMBER_KILLED,NUMBER_INJURED,PARTY_COUNT,PRIMARY_COLL_FACTOR,PCF_CODE_OF_VIOL,PCF_VIOL_CATEGORY,PCF_VIOLATION,PCF_VIOL_SUBSECTION,HIT_AND_RUN,TYPE_OF_COLLISION,MVIW,PED_ACTION,ROAD_SURFACE,ROAD_COND_1,ROAD_COND_2,LIGHTING,CONTROL_DEVICE,CHP_ROAD_TYPE,PEDESTRIAN_ACCIDENT,BICYCLE_ACCIDENT,MOTORCYCLE_ACCIDENT,TRUCK_ACCIDENT,NOT_PRIVATE_PROPERTY,ALCOHOL_INVOLVED,STWD_VEHTYPE_AT_FAULT,CHP_VEHTYPE_AT_FAULT,COUNT_SEVERE_INJ,COUNT_VISIBLE_INJ,COUNT_COMPLAINT_PAIN,COUNT_PED_KILLED,COUNT_PED_INJURED,COUNT_BICYCLIST_KILLED,COUNT_BICYCLIST_INJURED,COUNT_MC_KILLED,COUNT_MC_INJURED,PRIMARY_RAMP,SECONDARY_RAMP,LATITUDE,LONGITUDE,COUNTY,CITY,POINT_X,POINT_Y
9097878,2020,2020-09-22,5102,2020-03-06,0512,4076,2,5,5,4,5102,0,0,0,,0,002,"RT 99","W ONSTOTT FRONTAGE RD",141.00,S,N,A,-,Y,SUT,3,99,-,-,30.360,H,-,S,Y,2,0,2,1,A,-,17,21658,B,N,B,I,A,A,H,-,D,D,0,,,,,Y,Y,A,01,1,0,1,0,0,0,0,0,0,"- ","- ",,,SUTTER,"YUBA CITY",-121.63471221923828,39.137752532958984
90980108,2019,2019-05-01,9285,2019-03-31,1755,017900,,7,2,9,5100,0,1,3,,1,010,"STATE ROUTE 70","STRIPLIN ROAD",4231.00,S,N,A,-,Y,,,70,,,,,,,Y,1,1,0,1,A,-,08,22107,,N,F,A,A,A,H,-,A,D,0,,,Y,,Y,,C,02,0,0,0,0,0,0,0,1,0,"- ","- ",38.854850769042969,-121.54389190673828,SUTTER,UNINCORPORATED,-121.54393005371094,38.8548583984375
91007556,2019,2019-06-11,9285,2019-06-05,1220,014878,,3,1,9,5100,0,3,5,,1,007,"LIVE OAK BLVD","REDNALL RD",875.00,S,N,A,-,N,,,,,,,,,,Y,2,0,2,1,A,-,08,22107,,N,F,I,A,A,H,-,A,D,0,,,,,Y,,A,01,1,0,1,0,0,0,0,0,0,"- ","- ",39.179519653320312,-121.62696075439453,SUTTER,UNINCORPORATED,-121.626953125,39.1796875
91030939,2019,2019-07-15,9285,2019-06-30,1624,017163,,7,2,9,5100,0,1,3,,1,071,"SR-99 S/B","CLARK RD",2640.00,S,N,A,-,Y,,,99,,,,,,S,Y,1,1,5,5,A,-,03,22350,,N,C,C,A,A,H,-,A,D,0,,,,,Y,,D,22,4,1,0,0,0,0,0,0,0,"- ","- ",39.226551055908203,-121.64359283447266,SUTTER,UNINCORPORATED,-121.64359283447266,39.226551055908203
91043852,2019,2019-08-02,9285,2019-07-27,1715,019223,,6,2,9,5100,0,1,3,,1,051,SR-99,"BOGUE RD",0.00,,Y,A,-,Y,,,99,,,,,,,Y,2,0,5,4,A,-,01,23152,A,N,D,C,A,A,H,-,A,A,0,,,,,Y,Y,A,07,1,2,2,0,0,0,0,0,0,"- ","- ",39.098289489746094,-121.63459014892578,SUTTER,UNINCORPORATED,-121.63455963134766,39.098289489746094
91057741,2019,2019-09-06,9285,2019-08-04,1430,020106,,7,2,9,5100,0,1,3,,1,051,"SR-99 S/B","HUTCHINSON RD",1511.00,N,N,A,-,Y,,,99,,,,,,S,Y,1,1,1,2,A,-,08,22107,,N,A,C,A,A,H,-,A,D,0,,,,,Y,,A,01,1,0,0,0,0,0,0,0,0,"- ","- ",39.044410705566406,-121.63442230224609,SUTTER,UNINCORPORATED,-121.63450622558594,39.044448852539062
91058404,2019,2019-08-23,9285,2019-08-13,1938,018632,,2,2,9,5100,0,1,3,,2,031,SR-113,"BUELL RD",1963.00,S,N,A,-,Y,,,,,,,,,,Y,2,0,2,3,A,-,06,21751,,N,B,C,A,A,H,-,A,D,0,,,,,Y,,A,01,1,1,0,0,0,0,0,0,0,"- ","- ",39.856658935546875,-121.71288299560547,SUTTER,UNINCORPORATED,-121.71295166015625,38.856559753417969
91062639,2019,2019-09-09,9285,2019-08-21,1535,018632,,3,2,9,5100,0,1,3,,1,011,SR-99,"GARDEN HIGHWAY",2640.00,S,N,A,-,Y,,,99,,,,,,,Y,1,2,0,2,A,-,08,22107,,N,B,C,A,A,H,-,A,D,0,,,,,Y,,D,22,0,0,0,0,0,0,0,0,0,"- ","- ",38.893398284912109,-121.57849884033203,SUTTER,UNINCORPORATED,-121.57851409912109,38.893386840820312
91065984,2019,2019-09-03,9285,2019-08-23,0440,016343,,5,3,9,5100,0,1,3,,1,011,"SR-99 N/B","WEST CATLETT RD",0.00,,Y,A,-,Y,,,99,,,,,,N,Y,1,2,2,2,A,-,09,21802,A,N,D,C,A,A,H,-,C,A,0,,,,,Y,Y,A,01,1,1,0,0,0,0,0,0,0,"- ","- ",38.837589263916016,-121.54355621337891,SUTTER,UNINCORPORATED,-121.54355621337891,38.837589263916016
91069676,2019,2019-09-18,9285,2019-08-28,0925,015976,,3,1,9,5100,0,1,3,,1,011,"SR-99 NORTHBOUND","GARDEN HWY",20.00,N,N,A,-,Y,,,99,,,,,,N,Y,2,0,1,2,A,-,03,22350,,N,C,C,A,A,H,-,A,D,0,,,,Y,Y,,I,11,1,0,0,0,0,0,0,0,0,"- ","- ",38.898971557617188,-121.58406066894531,SUTTER,UNINCORPORATED,-121.58420562744141,38.898811340332031
91069687,2019,2019-09-17,9285,2019-08-28,1411,014480,,3,2,9,5100,0,1,3,,1,071,"BROADWAY RD","NUESTRO RD",0.00,,Y,A,-,N,,,,,,,,,,Y,1,1,3,2,A,-,09,21802,A,N,D,C,A,A,H,-,A,A,0,,,,,Y,,A,01,1,2,0,0,0,0,0,0,0,"- ","- ",39.185211181640625,-121.67867279052734,SUTTER,UNINCORPORATED,-121.67858123779297,39.1851806640625
9107145,2020,2020-11-24,5102,2020-09-06,1739,4094,1,7,5,4,5102,0,0,0,,0,001,"COLUSA AV","HARTER PKWY",0.00,,Y,A,-,Y,SUT,3,20,-,-,14.470,I,5,E,Y,2,0,2,2,A,-,01,23152,A,N,D,C,A,A,H,-,A,A,0,,,,,Y,Y,A,08,1,1,0,0,0,0,0,0,0,"- ","- ",,,SUTTER,"YUBA CITY",-121.65554809570312,39.141433715820312
91087419,2019,2019-10-01,9285,2019-09-29,0535,019085,,7,3,9,5100,0,1,3,,1,072,SR-20,"HAGEMAN RD",1056.00,E,N,B,-,Y,,,20,,,,,,,Y,2,0,1,2,A,-,03,22350,,N,C,C,A,B,H,-,B,C,0,,,,Y,Y,,A,01,1,0,0,0,0,0,0,0,0,"- ","- ",39.143089294433594,-121.86566162109375,SUTTER,UNINCORPORATED,-121.86566162109375,39.143058776855469
91107269,2019,2019-10-28,9285,2019-10-18,0639,013174,,5,1,9,5100,0,1,3,,1,051,SR-99,"OSWALD RD",3196.00,S,N,B,-,Y,,,99,,,,,,,Y,1,2,0,2,A,-,08,22107,,N,A,C,A,A,H,-,D,D,0,,,,,Y,,A,01,0,0,0,0,0,0,0,0,0,"- ","- ",39.059860229492188,-121.63358306884766,SUTTER,UNINCORPORATED,-121.63356781005859,39.059860229492188
91120190,2019,2019-11-14,9285,2019-11-06,0622,015491,,3,1,9,5100,0,2,4,,1,073,"LIVE OAK BOULEVARD","EAGER ROAD",3485.00,N,N,A,-,N,,,,,,,,,,Y,1,1,1,2,A,-,08,22107,,N,A,C,A,A,H,-,B,D,0,,,,,Y,,A,01,0,1,0,0,0,0,0,0,0,"- ","- ",39.199150085449219,-121.63410949707031,SUTTER,UNINCORPORATED,-121.63411712646484,39.199138641357422
91140942,2019,2019-12-11,9285,2019-11-26,2500,017118,,2,4,9,5100,0,1,3,,1,010,"S/B SR-70 OFF RAMP TO NICOLAUS AVENUE","NICOLAUS AVENUE",340.00,N,N,B,-,Y,,,70,,,,R,,,Y,1,1,0,1,A,-,03,22350,,N,E,I,A,A,H,-,D,D,0,,,,,Y,,A,01,0,0,0,0,0,0,0,0,0,"- ","- ",38.911369323730469,-121.55127716064453,SUTTER,UNINCORPORATED,-121.55127716064453,38.911369323730469
91142711,2019,2019-12-13,9285,2019-12-10,2330,019253,,2,3,9,5100,0,3,5,,1,003,"BAILEY RD","OBANION RD",3200.00,S,N,B,-,N,,,,,,,,,,Y,2,0,1,2,A,-,01,23152,A,N,E,I,A,B,H,-,D,D,0,,,,Y,Y,Y,A,01,1,0,0,0,0,0,0,0,0,"- ","- ",39.016521453857422,-121.66259002685547,SUTTER,UNINCORPORATED,-121.66257476806641,39.0166015625
91147486,2019,2019-12-19,9285,2019-12-15,1258,013174,,7,1,9,5100,0,3,5,,1,007,"PASS RD","W. BUTTE ROAD",10560.00,E,N,A,-,N,,,,,,,,,,Y,2,0,1,1,A,-,03,22350,,N,F,A,A,A,B,-,A,D,0,,,Y,,Y,,C,02,1,0,0,0,0,0,0,0,1,"- ","- ",39.186321258544922,-121.02417755126953,SUTTER,UNINCORPORATED,-121.85126495361328,39.188529968261719
91156110,2019,2019-12-31,9285,2019-12-21,0305,013174,,6,3,9,5100,0,3,5,,1,001,"GARDEN HWY","LEE RD",75.00,S,N,B,-,N,,,,,,,,,,Y,2,0,1,1,A,-,03,22350,,N,E,I,A,A,H,-,D,D,0,,,,,Y,,A,01,1,0,0,0,0,0,0,0,0,"- ","- ",38.882720947265625,-121.61196899414062,SUTTER,UNINCORPORATED,-121.60825347900391,38.882392883300781
91157475,2019,2020-01-02,9285,2019-12-30,0845,014878,,1,1,9,5100,0,1,3,,1,071,SR-99,"MCDONALD AVE",303.00,S,N,A,-,Y,,,99,,,,,,,Y,1,1,1,2,A,-,05,21460,A,N,A,C,A,B,H,-,A,D,0,,,,Y,Y,Y,D,22,0,1,0,0,0,0,0,0,0,"- ","- ",39.245140075683594,-121.650390625,SUTTER,UNINCORPORATED,-121.65044403076172,39.245121002197266
91157507,2019,2020-01-02,9285,2019-12-27,1900,019085,,5,2,9,5100,0,2,4,,1,052,"REED RD","S WALTON AVE",0.00,,Y,B,-,N,,,,,,,,,,Y,2,0,6,2,A,-,12,22450,A,N,D,C,A,A,H,-,D,A,0,,,,,Y,,D,22,5,1,0,0,0,0,0,0,0,"- ","- ",39.083431243896484,-121.64395904541016,SUTTER,UNINCORPORATED,-121.64396667480469,39.083438873291016
9117348,2020,2020-09-09,5102,2020-06-20,1126,4130,,6,5,4,5102,0,0,0,,0,001,"EL MARGARITA RD","IMPERIAL WY",1408.00,N,N,A,-,N,,,,,,,,,,Y,2,0,2,2,A,-,21,22106,,N,C,C,A,A,H,-,A,D,0,,,,,Y,,A,07,1,1,0,0,0,0,0,0,0,"- ","- ",,,SUTTER,"YUBA CITY",-121.66239929199219,39.13427734375
91178831,2020,2020-02-03,9285,2020-01-29,1823,018636,,3,2,9,5100,0,3,5,,1,001,"EAST STRIPLIN FRONTAGE ROAD","CATLETT RD",1151.00,S,N,A,-,N,,,,,,,,,,Y,2,0,1,1,A,-,03,22350,,N,E,I,A,A,H,-,D,D,0,,,Y,,Y,,C,02,1,0,0,0,0,0,0,0,1,"- ","- ",38.841678619384766,-121.54315185546875,SUTTER,UNINCORPORATED,-121.54306793212891,38.841709136962891
91232633,2020,2020-05-01,9285,2020-04-23,0430,019085,,4,3,9,5100,0,1,3,,1,071,"SR-99 S/B","EAGER RD",660.00,S,N,A,-,Y,,,99,,,,,,S,Y,2,0,1,1,A,-,08,22107,,N,E,I,A,A,H,-,D,D,0,,,,,Y,,A,01,1,0,0,0,0,0,0,0,0,"- ","- ",39.187931060791016,-121.6351318359375,SUTTER,UNINCORPORATED,-121.63509368896484,39.187931060791016
91241412,2020,2020-05-22,9285,2020-05-15,1545,016343,,5,2,9,5100,0,3,5,,1,007,"PASS RD","ACACIA AVENUE",5280.00,W,N,A,-,N,,,,,,,,,,Y,1,1,0,1,A,-,03,22350,,N,E,I,A,A,H,-,A,D,0,,,Y,,Y,,C,02,0,0,0,0,0,0,0,1,0,"- ","- ",39.184150695800781,-121.76570129394531,SUTTER,UNINCORPORATED,-121.76559448242188,39.184047698974609
91242927,2020,2020-05-27,9285,2020-05-22,0243,018636,,5,3,9,5100,0,1,3,,1,051,SR-99,"SACRAMENTO AVE",4064.00,S,N,A,-,Y,,,99,,,,,,,Y,2,0,1,3,A,-,08,22107,,N,E,I,A,A,H,-,D,D,0,,,,Y,Y,,A,01,1,0,0,0,0,0,0,0,0,"- ","- ",38.909000396728516,-121.59487915039062,SUTTER,UNINCORPORATED,-121.59490966796875,38.908966064453125
91252090,2020,2020-06-15,9285,2020-06-08,1524,014480,,1,2,9,5100,0,3,5,,1,005,"OSWALD RD","CARLSON RD",0.00,,Y,A,-,N,,,,,,,,,,Y,2,0,3,3,A,-,01,23152,A,N,D,C,A,A,H,-,A,A,0,,,,Y,Y,Y,A,01,2,0,1,0,0,0,0,0,0,"- ","- ",39.068801879882812,-121.6531982421875,SUTTER,UNINCORPORATED,-121.65323638916016,39.068828582763672
91264041,2020,2020-07-06,9285,2020-07-03,1505,014480,,5,2,9,5100,0,2,4,,1,052,"S. GEORGE WASHINGTON BLVD","OBANION RD",0.00,,Y,A,-,N,,,,,,,,,,Y,2,0,6,2,A,-,01,23152,F,N,D,C,A,A,H,-,A,A,0,,,,,Y,,A,01,1,2,3,0,0,0,0,0,0,"- ","- ",39.02532958984375,-121.67179870605469,SUTTER,UNINCORPORATED,-121.67182922363281,39.025341033935547
91267462,2020,2020-07-13,9285,2020-07-02,1705,016343,,4,2,9,5100,0,3,5,,1,007,"PASEO ROAD","GRAVES RD",812.00,W,N,A,-,N,,,,,,,,,,Y,2,0,2,1,A,-,03,22350,,N,E,I,A,A,H,-,A,D,0,,,,,Y,,A,07,1,1,0,0,0,0,0,0,0,"- ","- ",39.250221252441406,-121.66486358642578,SUTTER,UNINCORPORATED,-121.66482543945312,39.250205993652344
91279463,2020,2020-08-03,9285,2020-07-25,0130,021460,,6,3,9,5100,0,1,3,,1,051,SR-99,"BOUGE RD",0.00,,Y,A,-,Y,,,99,,,,,,,Y,2,0,2,2,D,-,00,,,N,D,C,A,A,H,-,C,A,0,,,,Y,Y,,-,"- ",1,0,1,0,0,0,0,0,0,"- ","- ",39.098289489746094,-121.63448333740234,SUTTER,UNINCORPORATED,-121.63442993164062,39.098289489746094
91287101,2020,2020-08-17,9285,2020-08-08,0523,020106,,6,3,9,5100,0,1,3,,1,011,SR-99,"CATLETT RD",1742.00,N,N,A,-,Y,,,99,,,,,,,Y,2,0,4,2,C,-,18,,,N,D,C,A,A,H,-,D,D,0,,,,,Y,,-,"- ",2,1,1,0,0,0,0,0,0,"- ","- ",38.839550018310547,-121.54350280761719,SUTTER,UNINCORPORATED,-121.54356384277344,38.839550018310547
91304678,2020,2020-09-15,9285,2020-09-09,1014,014480,,3,1,9,5100,0,1,3,,1,011,SR-99,"STRIPLIN RD",255.00,N,N,F,-,Y,,,99,,,,,,,Y,2,0,1,2,A,-,03,22350,,N,C,C,A,A,H,-,A,D,0,,,,Y,Y,,A,01,1,0,0,0,0,0,0,0,0,"- ","- ",38.867099761962891,-121.55490112304688,SUTTER,UNINCORPORATED,-121.55519866943359,38.866859436035156
91309268,2020,2020-09-22,9285,2020-09-17,0040,018475,,4,3,9,5100,0,1,3,,1,010,SR-70,"CORNELIUS AVE",3823.00,N,N,A,-,Y,,,70,,,,,,,Y,2,0,1,2,A,-,01,23152,A,N,C,C,A,A,H,-,D,D,0,,,,,Y,Y,A,01,1,0,0,0,0,0,0,0,0,"- ","- ",38.935501098632812,-121.54364776611328,SUTTER,UNINCORPORATED,-121.54373168945312,38.935501098632812
91335704,2020,2020-10-30,9285,2020-10-20,1750,15048,,2,2,9,5100,0,3,5,,1,001,"RIEGO ROAD","NATOMAS ROAD",4488.00,W,N,A,-,N,,,,,,,,,,N,2,0,1,2,A,-,05,21650,,N,B,C,A,A,H,-,A,D,0,,,,Y,Y,,A,01,1,0,0,0,0,0,0,0,0,"- ","- ",38.750999450683594,-121.51016235351562,SUTTER,UNINCORPORATED,-121.51004791259766,38.750946044921875
91341377,2020,2020-11-09,9285,2020-10-16,1935,020096,,5,2,9,5100,0,2,4,,1,073,"LIVE OAK BLVD","EAGER RD",2270.00,N,N,A,F,N,,,,,,,,,,Y,1,1,5,4,A,-,03,22350,,N,G,B,E,A,H,-,D,D,0,Y,,,,Y,,A,07,2,3,0,1,1,0,0,0,0,"- ","- ",39.201400756835938,-121.63484191894531,SUTTER,UNINCORPORATED,-121.63294219970703,39.195930480957031
91383367,2020,2021-01-07,9285,2020-12-28,0950,014401,,1,1,9,5100,0,3,5,,1,007,"DREXLER RD","MORONI RD",0.00,,Y,A,B,N,,,,,,,,,,Y,2,0,1,1,A,-,08,22107,,N,E,I,A,B,H,-,A,A,0,,,,,Y,,A,01,1,0,0,0,0,0,0,0,0,"- ","- ",39.107089996337891,-121.88474273681641,SUTTER,UNINCORPORATED,-121.88481140136719,39.107208251953125
91402453,2021,2021-02-04,9285,2021-01-31,1150,018475,,7,1,9,5100,0,3,5,,1,007,"TIERRA BUENA RD","TRUE RD",528.00,S,N,A,-,N,,,,,,,,,,N,2,0,1,2,A,-,05,21650,,N,A,G,A,A,H,-,A,D,0,,Y,,,Y,,L,04,1,0,0,0,0,0,1,0,0,"- ","- ",39.159549713134766,-121.66230773925781,SUTTER,UNINCORPORATED,-121.66234588623047,39.160110473632812
91402731,2021,2021-02-04,9285,2021-02-03,2500,014878,,3,4,9,5100,0,3,5,,1,007,"UKNOWN RD.","UNKNOWN RD.",0.00,,N,F,-,N,,,,,,,,,,N,2,0,1,1,D,-,00,,,N,H,J,A,A,G,-,D,D,0,,,,,Y,,-,"- ",1,0,0,0,0,0,0,0,0,"- ","- ",,,SUTTER,UNINCORPORATED,,
91411875,2021,2021-02-19,9285,2021-02-15,2000,018475,,1,2,9,5100,0,1,3,,1,011,"SR-99 S/B","SANKEY RD",6864.00,N,N,A,-,Y,,,99,,,,,,S,Y,2,0,3,1,A,-,08,22107,,N,F,A,A,A,H,-,D,D,0,,,,,Y,,A,07,2,0,1,0,0,0,0,0,0,"- ","- ",38.7994384765625,-121.54386138916016,SUTTER,UNINCORPORATED,-121.54378509521484,38.7994384765625
91433441,2021,2021-03-23,9285,2021-03-20,1645,019085,,6,2,9,5100,0,1,3,,1,011,"SR-99 N/B","W RIEGO RD",1126.00,S,N,B,-,Y,,,99,,,,,,N,Y,2,0,2,1,A,-,08,22107,,N,F,A,A,A,H,-,A,D,0,,,Y,,Y,,C,02,2,0,0,0,0,0,0,0,2,"- ","- ",38.746891021728516,-121.5400390625,SUTTER,UNINCORPORATED,-121.54018402099609,38.746894836425781
91447283,2021,2021-04-20,9285,2021-04-07,1250,014878,,3,1,9,5100,0,1,3,,1,071,"SR-99 N/B","CLARK AVE",0.00,,Y,A,-,Y,,,99,,,,,,N,Y,2,0,3,2,A,-,12,22450,A,N,D,C,A,A,H,-,A,A,0,,,,,Y,,A,07,1,1,1,0,0,0,0,0,0,"- ","- ",39.233108520507812,-121.64604187011719,SUTTER,UNINCORPORATED,-121.64598846435547,39.233127593994141
91454560,2021,2021-04-20,9285,2021-04-18,2229,018636,,7,3,9,5100,0,3,5,,1,007,"SOUTH BUTTE RD","HUMPHREY RD",4224.00,W,N,A,-,N,,,,,,,,,,N,2,0,2,1,A,-,01,23152,A,N,F,A,A,A,H,-,D,D,0,,,Y,,Y,Y,C,06,1,1,0,0,0,0,0,0,2,"- ","- ",39.155200958251953,-121.73834991455078,SUTTER,UNINCORPORATED,-121.72599792480469,39.152210235595703
91464027,2021,2021-05-27,9285,2021-04-23,2108,016343,,5,2,9,5100,0,3,5,,1,007,"CLARK RD","E BUTTE",2640.00,E,N,A,-,Y,,,,,,,,,,N,2,0,1,1,A,-,01,23152,A,N,E,I,A,A,H,-,D,D,0,,,,,Y,Y,D,22,1,0,0,0,0,0,0,0,0,"- ","- ",39.231719970703125,-121.70555114746094,SUTTER,UNINCORPORATED,-121.70580291748047,39.231697082519531
91466328,2021,2021-05-27,9285,2021-04-26,1610,018475,,1,2,9,5100,0,1,3,,1,072,SR-20,"W.BUTTE RD",685.00,E,N,A,-,Y,,,20,,,,,,,Y,1,1,2,3,A,-,05,21650,,N,A,C,A,A,H,-,A,D,0,,,,,Y,Y,A,07,2,0,0,0,0,0,0,0,0,"- ","- ",39.148880004882812,-121.82347869873047,SUTTER,UNINCORPORATED,-121.823486328125,39.148895263671875
91470992,2021,2021-05-27,9285,2021-05-05,1830,016343,,3,2,9,5100,0,1,3,,1,051,SR-99,"LINCOLN ROAD",22.00,S,N,A,-,Y,,,99,,,,,,,N,2,0,1,2,A,-,12,21453,A,N,D,G,A,A,H,-,A,A,0,,Y,,,Y,,L,04,1,0,0,0,0,0,1,0,0,"- ","- ",39.112621307373047,-121.63475799560547,SUTTER,UNINCORPORATED,-121.63474273681641,39.112621307373047
91474616,2021,2021-05-27,9285,2021-05-05,1018,014401,,3,1,9,5100,0,3,5,,1,007,"BRUBAKER RD","LARKIN RD",290.00,E,N,A,-,N,,,,,,,,,,N,2,0,1,1,A,-,08,22107,,N,F,A,A,A,H,-,A,D,0,,,Y,,Y,,C,02,1,0,0,0,0,0,0,0,1,"- ","- ",39.297939300537109,-121.65886688232422,SUTTER,UNINCORPORATED,-121.65888214111328,39.297859191894531
91474786,2021,2021-05-27,9285,2021-05-10,1515,016343,,1,2,9,5100,0,3,5,,1,007,"PEASE RD","TOWNSHIP RD",2640.00,E,N,A,-,N,,,,,,,,,,Y,2,0,2,2,A,-,08,22107,,N,D,C,A,A,H,-,A,D,0,,,,,Y,,A,01,1,1,0,0,0,0,0,0,0,"- ","- ",39.170558929443359,-121.67910003662109,SUTTER,UNINCORPORATED,-121.67933654785156,39.170574188232422
91475860,2021,2021-05-27,9285,2021-05-03,1642,015976,,1,2,9,5100,0,3,5,,1,001,"RIEGO RD.","PACIFIC AVE.",405.00,W,N,A,-,N,,,,,,,,,,Y,2,0,1,1,A,-,01,23152,F,N,F,J,A,A,H,-,A,D,0,,,,,Y,,A,01,1,0,0,0,0,0,0,0,0,"- ","- ",38.750728607177734,-121.52536010742188,SUTTER,UNINCORPORATED,-121.526611328125,38.750614166259766
91481997,2021,2021-05-27,9285,2021-05-03,2105,016343,,1,2,9,5100,0,3,5,,1,007,"CLARK RD",SR-99,82.00,W,N,A,-,N,,,,,,,,,,Y,1,1,0,2,A,-,01,23152,A,N,H,F,A,A,H,-,D,A,0,,,,,Y,Y,A,01,0,0,0,0,0,0,0,0,0,"- ","- ",39.233108520507812,-121.64634704589844,SUTTER,UNINCORPORATED,-121.64628601074219,39.233116149902344
9148561,2020,2020-10-27,5102,2020-08-29,0802,4127,4,6,5,4,5102,0,0,0,,0,5102,"GRAY AV","FORBES AV",1.00,N,N,A,-,N,,,,,,,,,,N,2,0,1,1,A,-,05,21650,,N,F,G,A,A,H,-,A,A,0,,Y,,,Y,,L,04,1,0,0,0,0,0,1,0,0,"- ","- ",,,SUTTER,"YUBA CITY",-121.63009643554688,39.138031005859375
91514571,2021,2021-07-07,9285,2021-06-27,1445,020106,,7,2,9,5100,0,1,3,,1,010,SR-70,"BERRY ROAD",0.00,,N,A,-,Y,,,70,,,,,,,N,2,0,1,1,A,-,03,22350,,N,F,A,A,A,H,-,A,D,0,,,,,Y,,D,22,1,0,0,0,0,0,0,0,0,"- ","- ",38.963951110839844,-121.54338836669922,SUTTER,UNINCORPORATED,-121.54334259033203,38.963943481445312
91517075,2021,2021-07-09,9285,2021-07-02,2300,021920,,5,3,9,5100,0,1,3,,1,011,SR-99,"POWRLINE RD",10.00,S,N,A,-,Y,,,99,,,,,,,N,2,0,2,2,A,-,01,23152,A,N,A,D,A,A,H,-,C,D,0,,,,,Y,Y,A,01,2,0,0,0,0,0,0,0,0,"- ","- ",38.885261535644531,-121.57023620605469,SUTTER,UNINCORPORATED,-121.5701904296875,38.885307312011719
91521137,2021,2021-07-15,9285,2021-07-09,2101,018475,,5,2,9,5100,0,1,3,,1,072,SR-20,"FRONTAGE RD",150.00,E,N,A,-,Y,,,20,,,,,,,Y,2,0,1,1,A,-,01,23152,G,M,E,I,A,A,H,-,D,D,0,,,,,Y,Y,A,01,1,0,0,0,0,0,0,0,0,"- ","- ",39.141738891601562,-121.70469665527344,SUTTER,UNINCORPORATED,-121.70470428466797,39.141696929931641
9153104,2020,2020-11-30,5102,2020-08-01,0351,4073,3,6,5,4,5102,0,0,0,,0,003,"RT 20","STAFFORD WY",0.00,,Y,A,-,Y,SUT,3,20,-,-,15.940,I,5,E,Y,2,0,4,3,A,-,12,22450,A,N,D,C,A,A,H,-,C,A,0,,,,,Y,,A,01,4,0,0,0,0,0,0,0,0,"- ","- ",,,SUTTER,"YUBA CITY",-121.62789916992188,39.141624450683594
91534971,2021,2021-08-02,9285,2021-07-23,2000,020106,,5,2,9,5100,0,2,4,,1,041,SR-113,"EVERGLADE ROAD",4200.00,S,N,A,-,Y,,,113,,,,,,,Y,2,0,3,4,A,-,05,21460,A,N,B,C,A,A,H,-,A,D,0,,,,,Y,,A,01,1,0,2,0,0,0,0,0,0,"- ","- ",38.968540191650391,-121.67204284667969,SUTTER,UNINCORPORATED,-121.67205047607422,38.968540191650391
91552603,2021,2021-08-24,9285,2021-08-20,0850,014878,,5,1,9,5100,0,2,4,,1,073,"BUTTE HOUSE RD.","HOWLETT RD.",567.00,W,N,A,-,N,,,,,,,,,,Y,2,0,1,1,A,-,01,23152,A,M,H,I,A,A,H,-,A,D,0,,,,,Y,Y,D,22,1,0,0,0,0,0,0,0,0,"- ","- ",39.162551879882812,-121.69651794433594,SUTTER,UNINCORPORATED,-121.69627380371094,39.162540435791016