CASE_ID,ACCIDENT_YEAR,PROC_DATE,JURIS,COLLISION_DATE,COLLISION_TIME,OFFICER_ID,REPORTING_DISTRICT,DAY_OF_WEEK,CHP_SHIFT,POPULATION,CNTY_CITY_LOC,SPECIAL_COND,BEAT_TYPE,CHP_BEAT_TYPE,CITY_DIVISION_LAPD,CHP_BEAT_CLASS,BEAT_NUMBER,PRIMARY_RD,SECONDARY_RD,DISTANCE,DIRECTION,INTERSECTION,WEATHER_1,WEATHER_2,STATE_HWY_IND,CALTRANS_COUNTY,CALTRANS_DISTRICT,STATE_ROUTE,ROUTE_SUFFIX,POSTMILE_PREFIX,POSTMILE,LOCATION_TYPE,RAMP_INTERSECTION,SIDE_OF_HWY,TOW_AWAY,COLLISION_SEVERITY,NUMBER_KILLED,NUMBER_INJURED,PARTY_COUNT,PRIMARY_COLL_FACTOR,PCF_CODE_OF_VIOL,PCF_VIOL_CATEGORY,PCF_VIOLATION,PCF_VIOL_SUBSECTION,HIT_AND_RUN,TYPE_OF_COLLISION,MVIW,PED_ACTION,ROAD_SURFACE,ROAD_COND_1,ROAD_COND_2,LIGHTING,CONTROL_DEVICE,CHP_ROAD_TYPE,PEDESTRIAN_ACCIDENT,BICYCLE_ACCIDENT,MOTORCYCLE_ACCIDENT,TRUCK_ACCIDENT,NOT_PRIVATE_PROPERTY,ALCOHOL_INVOLVED,STWD_VEHTYPE_AT_FAULT,CHP_VEHTYPE_AT_FAULT,COUNT_SEVERE_INJ,COUNT_VISIBLE_INJ,COUNT_COMPLAINT_PAIN,COUNT_PED_KILLED,COUNT_PED_INJURED,COUNT_BICYCLIST_KILLED,COUNT_BICYCLIST_INJURED,COUNT_MC_KILLED,COUNT_MC_INJURED,PRIMARY_RAMP,SECONDARY_RAMP,LATITUDE,LONGITUDE,COUNTY,CITY,POINT_X,POINT_Y
91553786,2021,2021-08-25,9285,2021-08-23,0542,019830,,1,3,9,5100,0,1,3,,1,051,SR-99,"BOGUE ROAD",192.00,N,N,A,-,Y,,,99,,,,,,,Y,2,0,1,2,A,-,03,22350,,N,C,C,A,A,H,-,B,D,0,,,,Y,Y,,D,22,1,0,0,0,0,0,0,0,0,"- ","- ",39.098918914794922,-121.63443756103516,SUTTER,UNINCORPORATED,-121.63442993164062,39.098918914794922
91573063,2021,2021-09-17,9285,2021-09-04,1645,019223,,6,2,9,5100,0,3,5,,1,007,"SHELDON AVE","PENNINGTON RD",348.00,S,N,A,-,N,,,,,,,,,,Y,2,0,1,1,A,-,08,22107,,N,E,I,A,A,H,-,A,D,0,,,,,Y,Y,A,07,1,0,0,0,0,0,0,0,0,"- ","- ",39.274890899658203,-121.64499664306641,SUTTER,UNINCORPORATED,-121.64482879638672,39.27508544921875
91573326,2021,2021-09-17,9285,2021-09-12,1402,021012,,7,2,9,5100,0,3,5,,1,005,"PLEASANT GROVE RD.","HOWSLEY RD.",3168.00,N,N,A,-,N,,,,,,,,,,Y,2,0,1,2,A,-,01,23152,A,N,C,C,A,A,H,-,A,D,0,,,Y,,Y,Y,C,02,1,0,0,0,0,0,0,0,1,"- ","- ",38.832759857177734,-121.48824310302734,SUTTER,UNINCORPORATED,-121.48824310302734,38.832679748535156
91583739,2021,2021-09-30,9285,2021-07-25,1313,013174,,7,1,9,5100,0,3,5,,1,005,"TOWNSHIP RD","BOGUE RD",2000.00,S,N,A,-,N,,,,,,,,,,Y,1,1,0,1,A,-,08,22107,,N,E,I,A,A,H,-,A,D,0,,,,,Y,,A,01,0,0,0,0,0,0,0,0,0,"- ","- ",39.092399597167969,-121.68946838378906,SUTTER,UNINCORPORATED,-121.68940734863281,39.09246826171875
91595246,2021,2021-10-13,9285,2021-09-28,1241,014401,,2,1,9,5100,0,1,3,,1,051,SR-99,"LINCOLN RD",0.00,,Y,A,-,Y,,,99,,,,,,,N,2,0,1,2,A,-,10,21950,A,N,G,B,A,A,H,-,A,A,0,,,,,Y,,J,48,1,0,0,0,0,0,0,0,0,"- ","- ",39.112899780273438,-121.63459014892578,SUTTER,UNINCORPORATED,-121.63462829589844,39.112899780273438
91600218,2021,2021-10-19,9285,2021-10-01,2050,018632,,5,2,9,5100,0,2,4,,1,052,SR-113,"PELGER RD",2640.00,S,N,A,-,Y,,,113,,,,,,,Y,1,1,0,2,A,-,08,22107,,N,A,C,A,A,H,-,D,D,0,,,,,Y,,A,01,0,0,0,0,0,0,0,0,0,"- ","- ",38.943149566650391,-121.68026733398438,SUTTER,UNINCORPORATED,-121.68026733398438,38.943149566650391
91609263,2021,2021-10-28,9285,2021-10-17,1635,019223,,7,2,9,5100,0,1,3,,2,031,SR-113,"KNIGHTS RD",94.00,N,N,A,-,Y,,,113,,,,,,,Y,2,0,3,2,A,-,01,23152,F,N,A,C,A,A,H,-,A,D,0,,,,,Y,,A,01,2,1,0,0,0,0,0,0,0,"- ","- ",38.840869903564453,-121.71867370605469,SUTTER,UNINCORPORATED,-121.71868133544922,38.840873718261719
91634531,2021,2021-11-24,9285,2021-11-10,0928,015976,,3,1,9,5100,0,1,3,,1,051,SR-99,"STEWART RD.",0.00,,Y,B,-,Y,,,99,,,,,,,Y,1,1,1,3,A,-,09,21801,A,N,D,C,A,A,H,-,A,D,0,,,,,Y,,A,01,0,1,0,0,0,0,0,0,0,"- ","- ",39.087139129638672,-121.63475036621094,SUTTER,UNINCORPORATED,-121.63471221923828,39.087139129638672
91641344,2021,2021-12-02,9285,2021-11-23,1440,018475,,2,2,9,5100,0,1,3,,1,011,SR99,"SACRAMENTO AVE",97.00,S,N,A,-,Y,,,99,,,,,,,Y,2,0,2,2,A,-,08,22107,,N,A,C,A,A,H,-,A,D,0,,,,,Y,,A,01,2,0,0,0,0,0,0,0,0,"- ","- ",38.916130065917969,-121.6055908203125,SUTTER,UNINCORPORATED,-121.60561370849609,38.916107177734375
91690383,2022,2022-02-01,9285,2022-01-21,0525,021025,,5,3,9,5100,0,3,5,,1,001,"NATOMAS RD","KEYS RD",2300.00,N,N,A,-,N,,,,,,,,,,N,1,1,0,2,A,-,11,21954,A,N,G,B,E,A,H,-,D,D,0,Y,,,,Y,,N,60,0,0,0,1,0,0,0,0,0,"- ","- ",38.800239562988281,-121.51338195800781,SUTTER,UNINCORPORATED,-121.51335906982422,38.80010986328125
91691777,2022,2022-02-02,9285,2022-01-23,0800,018291,,7,1,9,5100,0,1,3,,1,072,SR-20,"CENTRAL ST.",900.00,W,N,E,-,Y,SUT,,20,,R,0.743,H,,R,Y,2,0,1,3,A,-,03,22350,,N,C,C,A,A,H,-,A,D,0,,,,,Y,,D,22,1,0,0,0,0,0,0,0,0,"- ","- ",39.144420623779297,-121.90419006347656,SUTTER,UNINCORPORATED,-121.90430450439453,39.144184112548828
91710138,2022,2022-02-25,9285,2022-02-17,1150,014241,,4,1,9,5100,0,3,5,,1,007,SR-99,"HUNN ROAD",0.00,,Y,A,-,Y,SUT,,99,,,29.280,H,,R,N,2,0,2,2,A,-,09,21802,A,N,D,D,A,A,H,-,A,A,0,,,,,Y,,A,01,2,0,0,0,0,0,0,0,0,"- ","- ",39.121799468994141,-121.63465118408203,SUTTER,UNINCORPORATED,-121.63454437255859,39.121799468994141
91749295,2022,2022-04-15,9285,2022-04-11,1730,018632,,1,2,9,5100,0,2,4,,1,052,"GARDEN HWY","STAR BEND ROAD",355.00,N,N,A,-,N,,,,,,,,,,Y,2,0,1,1,A,-,08,22107,,N,F,I,A,A,H,-,A,D,0,,,,,Y,,-,"- ",1,0,0,0,0,0,0,0,0,"- ","- ",39.0118408203125,-121.61238098144531,SUTTER,UNINCORPORATED,-121.61235046386719,39.011890411376953
91771438,2022,2022-05-13,9285,2022-05-03,2115,019168,,2,2,9,5100,0,1,3,,1,051,"STATE HIGHWAY 99","OBANION RD.",4224.00,S,N,A,-,Y,SUT,,99,,,21.801,H,,R,Y,2,0,1,1,A,-,01,23152,A,N,F,A,A,A,H,-,D,D,0,,,,,Y,Y,A,07,1,0,0,0,0,0,0,0,0,"- ","- ",39.013679504394531,-121.6346435546875,SUTTER,UNINCORPORATED,-121.63478088378906,39.013679504394531
91780690,2022,2022-05-25,9285,2022-05-16,2007,018986,,1,2,9,5100,0,3,5,,1,007,"PASS ROAD","W BUTTE ROAD",1582.00,E,N,A,-,N,,,,,,,,,,Y,1,1,0,1,A,-,03,22350,,N,E,I,A,A,H,-,A,D,0,,,,,Y,,A,01,0,0,0,0,0,0,0,0,0,"- ","- ",39.186851501464844,-121.87174987792969,SUTTER,UNINCORPORATED,-121.88278198242188,39.186717987060547
91789907,2022,2022-06-07,9285,2022-06-05,2300,020379,,7,3,9,5100,0,3,5,,1,001,"KEYS ROAD","PLEASANT GROVE RD",330.00,W,N,C,-,N,,,,,,,,,,Y,2,0,2,1,A,-,08,22107,,N,E,I,A,D,H,-,D,D,0,,,Y,,Y,,C,02,1,1,0,0,0,0,0,0,2,"- ","- ",38.794868469238281,-121.48442840576172,SUTTER,UNINCORPORATED,-121.48796844482422,38.794658660888672
9182183,2020,2020-12-04,5102,2020-10-24,1850,4131,5,6,5,4,5102,0,0,0,,0,005,"GARDEN HWY","LINCOLN RD",573.00,N,N,A,-,N,,,,,,,,,,Y,2,0,1,2,A,-,09,21801,A,N,D,C,A,A,H,-,C,D,0,,,Y,,Y,,A,01,1,0,0,0,0,0,0,0,1,"- ","- ",,,SUTTER,"YUBA CITY",-121.61735534667969,39.113193511962891
9182184,2020,2020-12-04,5102,2020-10-18,1621,4113,4,7,5,4,5102,0,0,0,,0,004,"MOSBURG LOOP","SINGH WY",300.00,E,N,A,-,N,,,,,,,,,,Y,2,0,1,2,A,-,01,23152,B,M,C,E,A,A,H,-,A,D,0,,,,,Y,Y,A,01,1,0,0,0,0,0,0,0,0,"- ","- ",,,SUTTER,"YUBA CITY",-121.61728668212891,39.09906005859375
91822979,2022,2022-07-22,9285,2022-07-19,2145,016343,,2,2,9,5100,0,1,3,,1,071,SR-99,"LIVE OAK BLVD",562.00,S,N,A,-,Y,SUT,,99,,T,35.841,H,,R,N,1,1,2,2,A,-,01,23152,A,N,A,C,A,A,H,-,D,A,0,,,,,Y,Y,A,01,2,0,0,0,0,0,0,0,0,"- ","- ",39.21649169921875,-121.64212799072266,SUTTER,UNINCORPORATED,-121.64215850830078,39.21649169921875
91851559,2022,2022-08-29,9285,2022-08-20,1730,021690,,6,2,9,5100,0,1,3,,1,011,"SR-70 S/B",SR-99,288.00,N,N,A,-,Y,SUT,,70,,R,0.123,H,,L,Y,2,0,1,1,A,-,08,22107,,N,F,A,A,A,H,-,A,D,0,,,Y,,Y,,C,02,1,0,0,0,0,0,0,0,1,"- ","- ",38.853870391845703,-121.54415893554688,SUTTER,UNINCORPORATED,-121.54427337646484,38.853893280029297
91856280,2022,2022-09-02,9285,2022-08-21,0525,020119,,7,3,9,5100,0,1,3,,1,051,SR-99,"HUTCHINSON RD.",158.00,S,N,A,-,Y,SUT,,99,,,23.561,H,,R,Y,1,1,0,3,A,-,11,21954,A,N,G,B,E,A,H,-,D,D,0,Y,,,,Y,,N,60,0,0,0,1,0,0,0,0,0,"- ","- ",39.039348602294922,-121.63474273681641,SUTTER,UNINCORPORATED,-121.63470458984375,39.039348602294922
91875446,2022,2023-12-20,9285,2022-09-13,0625,015976,,2,1,9,5100,0,2,4,,1,052,"GEORGE WASHINGTON BLVD","TUDOR RD",1056.00,N,N,B,-,N,,,,,,,,,,Y,2,0,3,4,A,-,03,22350,,N,C,C,A,A,H,-,B,D,0,,,,Y,Y,,A,01,1,2,0,0,0,0,0,0,0,"- ","- ",39.006378173828125,-121.6719970703125,SUTTER,UNINCORPORATED,-121.67190551757812,39.006145477294922
91876055,2022,2022-09-28,9285,2022-09-22,1700,020379,,4,2,9,5100,0,1,3,,1,010,"SR-70 NORTHBOUND","KEMPTON ROAD",0.00,,Y,A,-,Y,SUT,,70,,,7.026,H,,R,Y,2,0,2,2,A,-,09,21801,A,N,D,C,A,A,H,-,A,A,0,,,,,Y,,A,01,1,1,0,0,0,0,0,0,0,"- ","- ",38.953830718994141,-121.5435791015625,SUTTER,UNINCORPORATED,-121.54358673095703,38.953830718994141
91888194,2022,2022-10-12,9285,2022-09-28,0725,015976,,3,1,9,5100,0,3,5,,1,005,"OSWALD RD","GEORGE WASHINGTON BLVD",290.00,E,N,A,-,N,,,,,,,,,,Y,2,0,1,2,A,-,03,22350,,N,C,C,A,A,H,-,A,D,0,,,,Y,Y,,G,26,1,0,0,0,0,0,0,0,0,"- ","- ",39.06890869140625,-121.67115783691406,SUTTER,UNINCORPORATED,-121.67102813720703,39.068954467773438
91893297,2022,2022-10-18,9285,2022-10-10,0920,020070,,1,1,9,5100,0,1,3,,1,051,SR-99,"SMITH RD",0.00,,Y,A,-,Y,SUT,,99,,,27.908,H,,R,Y,2,0,2,2,A,-,09,21802,B,N,D,2,A,A,H,-,A,A,0,,,,,Y,,A,01,1,1,0,0,0,0,0,0,0,"- ","- ",39.101898193359375,-121.63446807861328,SUTTER,UNINCORPORATED,-121.63443756103516,39.101902008056641
91898722,2022,2022-10-25,9285,2022-10-15,1329,018291,,6,1,9,5100,0,3,5,,1,007,SR-99,"FRANKLIN RD.",700.00,S,N,A,-,Y,SUT,,99,,,29.534,H,,R,N,2,0,1,2,A,-,03,22350,,N,C,C,A,A,H,-,A,D,0,,,Y,,Y,,C,02,1,0,0,0,0,0,0,0,1,"- ","- ",39.125358581542969,-121.63442230224609,SUTTER,UNINCORPORATED,-121.63449096679688,39.125358581542969
91900183,2022,2022-10-26,9285,2022-10-14,0850,015976,,5,1,9,5100,0,1,3,,1,051,SR-99,"OSWALD RD",0.00,,Y,A,-,Y,SUT,,99,,,25.622,H,,R,Y,2,0,1,2,A,-,09,21801,A,N,D,C,A,A,H,-,A,D,0,,,,Y,Y,,G,26,1,0,0,0,0,0,0,0,0,"- ","- ",39.069000244140625,-121.6334228515625,SUTTER,UNINCORPORATED,-121.63336944580078,39.069000244140625
91911810,2022,2022-11-07,9285,2022-10-30,1355,021567,,7,1,9,5100,0,1,3,,1,011,SR-99,"SACRAMENTO AVE",4118.00,S,N,A,-,Y,SUT,,99,,,12.891,H,,R,Y,2,0,2,1,A,-,08,22107,,N,E,I,A,A,H,-,A,D,0,,,,,Y,,D,22,2,0,0,0,0,0,0,0,0,"- ","- ",38.909000396728516,-121.59487915039062,SUTTER,UNINCORPORATED,-121.59488677978516,38.90899658203125
91932540,2022,2022-12-02,9285,2022-11-21,2135,022094,,1,2,9,5100,0,1,3,,1,011,"STATE ROUTE 99 SOUTHBOUND","WILSON ROAD",45.00,N,N,A,-,Y,SUT,,99,,R,17.511,H,,L,Y,1,1,0,2,A,-,03,22350,,N,C,C,A,A,H,-,C,D,0,,,,Y,Y,,A,07,0,0,0,0,0,0,0,0,0,"- ","- ",38.975128173828125,-121.61016082763672,SUTTER,UNINCORPORATED,-121.61015319824219,38.975135803222656
91982349,2023,2023-01-30,9285,2023-01-24,1030,019085,,2,1,9,5100,0,3,5,,1,005,"STEWART RD","S WALTON AVE",940.00,E,N,A,-,N,,,,,,,,,,N,2,0,1,1,A,-,03,22350,,N,F,A,A,A,H,-,A,D,0,,,Y,,Y,,C,02,1,0,0,0,0,0,0,0,1,"- ","- ",39.087070465087891,-121.64044952392578,SUTTER,UNINCORPORATED,-121.64054107666016,39.087089538574219
91995313,2023,2023-02-15,9285,2023-01-30,"953 ",015976,,1,1,9,5100,0,1,3,,1,051,SR-99,SR-113,4970.00,N,N,A,-,Y,SUT,,99," "," ",22.019,H,,R,Y,2,0,1,1,A,-,08,22107,,N,E,I,A,A,H,-,A,D,0,,,,Y,Y,,G,27,1,0,0,0,0,0,0,0,0,"- ","- ",39.016868591308594,-121.63466644287109,SUTTER,UNINCORPORATED,-121.63477325439453,39.016868591308594
92048793,2023,2023-04-19,9285,2023-04-07,1515,016343,,5,2,9,5100,0,3,5,,1,007,BROADWAY,"SANDERS RD",2376.00,N,N,B,-,N,,,,,,,,,,Y,2,0,2,2,A,-,05,21650,,N,A,C,A,A,H,-,A,D,0,,,,,Y,,A,01,1,1,0,0,0,0,0,0,0,"- ","- ",39.210208892822266,-121.6787109375,SUTTER,UNINCORPORATED,-121.6785888671875,39.209976196289062
9205586,2020,2021-01-27,5102,2020-11-25,0033,4076,5,3,5,4,5102,0,0,0,,0,005,"RAILROAD AV","ANDREW DR",138.00,S,N,A,-,N,,,,,,,,,,Y,2,0,2,3,A,-,17,21658,B,N,D,C,A,A,H,-,C,D,0,,,,,Y,,A,01,1,1,0,0,0,0,0,0,0,"- ","- ",,,SUTTER,"YUBA CITY",-121.62261199951172,39.113422393798828
92062620,2023,2023-05-05,9285,2023-04-26,2037,016343,,3,2,9,5100,0,1,3,,1,051,SR-99,"OSWALD ROAD",3168.00,S,N,A,-,Y,SUT,,99," "," ",24.964,H,,R,N,1,2,0,2,A,-,05,21650,,N,A,C,A,A,H,-,D,D,0,,,,,Y,,-,"- ",0,0,0,0,0,0,0,0,0,"- ","- ",39.059318542480469,-121.63355255126953,SUTTER,UNINCORPORATED,-121.63344573974609,39.059318542480469
92070847,2023,2023-05-17,9285,2023-05-07,1727,021690,,7,2,9,5100,0,1,3,,1,011,"STATE ROUTE 99","RIEGO ROAD",100.00,S,N,A,-,Y,SUT,,99," "," ",0.909,H,,R,Y,2,0,1,2,A,-,08,22107,,N,B,C,A,A,H,-,A,D,0,,,,,Y,,D,22,1,0,0,0,0,0,0,0,0,"- ","- ",38.749759674072266,-121.54026794433594,SUTTER,UNINCORPORATED,-121.54026794433594,38.749759674072266
92083954,2023,2023-06-22,9285,2023-05-25,2045,016343,,4,2,9,5100,0,1,3,,1,011,SR-99,"STRIPLIN ROAD",2798.00,N,N,B,-,Y,SUT,,99," "," ",9.790,H,,R,Y,2,0,1,2,A,-,01,23152,F,N,A,C,A,A,H,-,D,D,0,,,,,Y,,A,01,1,0,0,0,0,0,0,0,0,"- ","- ",38.873008728027344,-121.56024932861328,SUTTER,UNINCORPORATED,-121.56013488769531,38.873065948486328
9208971,2020,2021-02-17,5102,2020-12-13,1220,4116,2,7,5,4,5102,0,0,0,,0,002,"WALTON AV","BRIDGE ST",300.00,N,N,C,-,N,,,,,,,,,,Y,2,0,1,1,A,-,03,22350,,N,F,I,A,B,H,-,A,D,0,,,,,Y,,A,01,1,0,0,0,0,0,0,0,0,"- ","- ",,,SUTTER,"YUBA CITY",-121.64390563964844,39.133174896240234
92095485,2023,2025-03-05,9285,2023-06-09,1800,016343,,5,2,9,5100,0,1,3,,1,071,SR-99,"PASEO ROAD",630.00,N,N,A,-,Y,SUT,,99," "," ",38.516,H,,R,Y,1,2,3,4,A,-,01,23152,A,N,B,C,A,A,H,-,A,D,0,,,,Y,Y,Y,A,07,2,0,1,0,0,0,0,0,0,"- ","- ",39.251888275146484,-121.65293884277344,SUTTER,UNINCORPORATED,-121.65294647216797,39.251888275146484
9210008,2020,2021-01-12,5102,2020-10-25,1105,4069,5,7,5,4,5102,0,0,0,,0,005,"HILLCREST AV","RICHLAND RD",200.00,S,N,A,-,N,,,,,,,,,,N,2,0,1,1,A,-,17,23109,C,N,H,J,A,A,H,-,A,D,0,,,Y,,Y,,C,02,1,0,0,0,0,0,0,0,1,"- ","- ",,,SUTTER,"YUBA CITY",-121.63131713867188,39.117660522460938
92102408,2023,2023-06-26,9285,2023-06-20,1549,016343,,2,2,9,5100,0,1,3,,1,072,SR-20,"WYNCOOP ROAD",739.00,W,N,A,-,Y,SUT,,20," "," ",7.502,H,,R,Y,2,0,1,1,A,-,01,23152,A,N,F,A,A,A,H,-,A,D,0,,,,,Y,Y,D,22,1,0,0,0,0,0,0,0,0,"- ","- ",39.146160125732422,-121.78391265869141,SUTTER,UNINCORPORATED,-121.78388214111328,39.146186828613281
92103269,2023,2023-06-27,9285,2023-06-20,"745 ",019085,,2,1,9,5100,0,1,3,,1,011,"RT 99","W RIEGO RD",3960.00,S,N,A,-,Y,SUT,,99," "," ",0.198,H,,R,Y,2,0,1,2,A,-,03,22350,,N,C,C,A,A,H,-,A,D,0,,,,,Y,,A,01,1,0,0,0,0,0,0,0,0,"- ","- ",38.739208221435547,-121.54049682617188,SUTTER,UNINCORPORATED,-121.540283203125,38.739208221435547
92107263,2023,2023-06-30,9285,2023-06-19,1740,019139,,1,2,4,5102,0,3,5,,1,001,"GARDEN HWY","VERNON RD.",13200.00,N,N,A,-,N,,,,,,,,,,N,2,0,1,1,C,-,18,,,N,E,H,A,A,H,-,A,D,0,,,Y,,Y,,-,"- ",1,0,0,0,0,0,0,0,1,"- ","- ",38.818729400634766,-121.63915252685547,SUTTER,"YUBA CITY",-121.63539886474609,39.124919891357422
92107348,2023,2023-06-30,9285,2023-06-25,"325 ",022294,,7,3,9,5100,0,1,3,,1,072,SR-20,"TOWNSHIP RD",1795.00,W,N,A,-,Y,SUT,,20," "," ",12.329,H,,R,Y,2,0,3,2,A,-,01,23152,A,N,C,E,A,A,H,-,C,D,0,,,,,Y,Y,A,01,1,1,1,0,0,0,0,0,0,"- ","- ",39.141368865966797,-121.6953125,SUTTER,UNINCORPORATED,-121.6953125,39.141410827636719
9211452,2020,2021-01-14,5102,2020-11-11,1718,4115,5,3,5,4,5102,0,0,0,,0,005,"LINCOLN RD","GILLILAND DR",125.00,W,N,A,-,N,,,,,,,,,,Y,1,1,0,2,A,-,11,21954,A,N,G,B,D,A,H,-,B,D,0,Y,,,,Y,Y,N,60,0,0,0,1,0,0,0,0,0,"- ","- ",,,SUTTER,"YUBA CITY",-121.62605285644531,39.112659454345703
92139477,2023,2023-08-09,9285,2023-07-30,1510,019139,,7,2,9,5100,0,3,5,,1,001,"PLEASANT GROVE RD","KEYS RD.",19.00,N,N,A,-,N,,,,,,,,,,N,2,0,1,1,A,-,03,22350,,N,F,A,A,A,H,-,A,A,0,,,,,Y,,A,01,1,0,0,0,0,0,0,0,0,"- ","- ",38.795269012451172,-121.48397827148438,SUTTER,UNINCORPORATED,-121.48796844482422,38.794658660888672
92147340,2023,2023-08-18,9285,2023-08-15,2332,022125,,2,3,9,5100,0,1,3,,1,072,"SR-20 WESTBOUND","SOUTHRIDGE BLVD",1056.00,E,N,A,-,Y,SUT,,20," "," ",7.031,H,,L,Y,2,0,4,2,A,-,01,23152,A,N,C,2,A,A,H,-,D,D,0,,,,,Y,Y,A,07,2,2,0,0,0,0,0,0,0,"- ","- ",39.149349212646484,-121.79152679443359,SUTTER,UNINCORPORATED,-121.79154205322266,39.149322509765625
92151744,2023,2023-08-23,9285,2023-08-14,2100,019139,,1,2,9,5100,0,1,3,,1,011,SR-99,"HOWSLEY RD.",800.00,S,N,A,-,Y,SUT,,99," "," ",5.248,H,,L,Y,2,0,1,1,A,-,01,23152,A,N,F,A,A,A,H,-,D,D,0,,,,,Y,Y,D,22,1,0,0,0,0,0,0,0,0,"- ","- ",38.811820983886719,-121.54396057128906,SUTTER,UNINCORPORATED,-121.54380798339844,38.811820983886719
92178634,2023,2023-09-25,9285,2023-09-09,1900,022401,,6,2,9,5100,0,1,3,,1,011,"STATE ROUTE 99 NORTHBOUND","NICOLAUS AVENUE",947.00,S,N,A,-,Y,SUT,,99," "," ",11.809,H,,R,Y,1,1,2,2,A,-,03,22350,,N,B,C,A,A,H,-,A,D,0,,,,,Y,,A,01,0,1,1,0,0,0,0,0,0,"- ","- ",38.896888732910156,-121.58197021484375,SUTTER,UNINCORPORATED,-121.58197784423828,38.896884918212891
92187545,2023,2023-10-02,9285,2023-09-23,"616 ",018291,,6,1,9,5100,0,3,5,,1,007,"LARKIN RD.","RIVIERA RD.",1095.00,N,N,A,-,N,,,,,,,,,,N,2,0,1,2,A,-,11,21956,A,N,G,B,E,A,H,-,D,D,0,Y,,,,Y,,N,60,1,0,0,0,1,0,0,0,0,"- ","- ",39.304588317871094,-121.65988922119141,SUTTER,UNINCORPORATED,-121.65991973876953,39.304595947265625
9221875,2021,2021-03-10,5102,2021-01-21,1744,4126,2,4,5,4,5102,0,0,0,,0,002,"RT 99","WOODWARD ST",259.00,S,N,A,-,Y,SUT,3,99,-,-,30.500,H,-,S,N,2,0,1,3,A,-,03,22350,,N,C,C,A,A,H,-,C,D,0,,,,,Y,,A,01,1,0,0,0,0,0,0,0,0,"- ","- ",,,SUTTER,"YUBA CITY",-121.63466644287109,39.1400146484375
92245109,2023,2023-11-27,9285,2023-11-17,1515,022125,,5,2,9,5100,0,1,3,,1,011,SR-99,"SR-99 MPM SUT 25.00",13.00,N,N,A,-,Y,SUT,,99," "," ",25.015,H,,R,Y,2,0,2,2,A,-,05,21650,,N,A,C,A,A,H,-,A,D,0,,,,,Y,,A,01,1,1,0,0,0,0,0,0,0,"- ","- ",39.060081481933594,-121.63359069824219,SUTTER,UNINCORPORATED,-121.63343811035156,39.060077667236328
92272295,2023,2023-12-28,9285,2023-12-14,"341 ",021012,,4,3,9,5100,0,2,4,,1,052,"GARDEN HIGHWAY","RIEGO RD.",4125.00,N,N,E,-,N,,,,,,,,,,N,2,0,1,1,A,-,08,22107,,N,E,8,A,B,H,-,D,D,0,,,,,Y,,A,07,1,0,0,0,0,0,0,0,0,"- ","- ",38.76055908203125,-121.5914306640625,SUTTER,UNINCORPORATED,-121.59136962890625,38.759937286376953
92302253,2024,2024-01-31,9285,2024-01-05,1423,018876,,5,2,9,5100,0,3,5,,1,001,"PLEASANT GROVE ROAD","CORNELIUS AVENUE",0.00,,Y,A,-,N,,,,,,,,,,Y,1,1,0,2,A,-,09,21802,A,N,D,C,A,A,H,-,A,A,0,,,,,Y,,A,01,0,0,0,0,0,0,0,0,0,"- ","- ",38.925739288330078,-121.48767852783203,SUTTER,UNINCORPORATED,-121.4876708984375,38.925685882568359
92321372,2024,2024-03-20,9285,2024-02-17,"746 ",019223,,6,1,9,5100,0,1,3,,1,011,SR-99,"STRIPLIN RD",0.00,,Y,B,-,Y,SUT,,99," "," ",9.237,H,,R,Y,1,1,2,2,A,-,09,21802,A,N,D,C,A,A,H,-,A,A,0,,,,,Y,,A,01,0,0,2,0,0,0,0,0,0,"- ","- ",38.866401672363281,-121.55474853515625,SUTTER,UNINCORPORATED,-121.55474853515625,38.866401672363281
92326381,2024,2024-02-29,9285,2024-02-25,1545,021328,,7,2,9,5100,0,1,3,,1,051,SR-99,"MESSICK RD",1685.00,S,N,A,-,Y,SUT,,99," "," ",24.053,H,,R,Y,2,0,2,2,A,-,07,21658,A,N,B,C,A,A,H,-,A,D,0,,,,,Y,,A,01,1,1,0,0,0,0,0,0,0,"- ","- ",39.046180725097656,-121.63372039794922,SUTTER,UNINCORPORATED,-121.63363647460938,39.046161651611328