CASE_ID,ACCIDENT_YEAR,PROC_DATE,JURIS,COLLISION_DATE,COLLISION_TIME,OFFICER_ID,REPORTING_DISTRICT,DAY_OF_WEEK,CHP_SHIFT,POPULATION,CNTY_CITY_LOC,SPECIAL_COND,BEAT_TYPE,CHP_BEAT_TYPE,CITY_DIVISION_LAPD,CHP_BEAT_CLASS,BEAT_NUMBER,PRIMARY_RD,SECONDARY_RD,DISTANCE,DIRECTION,INTERSECTION,WEATHER_1,WEATHER_2,STATE_HWY_IND,CALTRANS_COUNTY,CALTRANS_DISTRICT,STATE_ROUTE,ROUTE_SUFFIX,POSTMILE_PREFIX,POSTMILE,LOCATION_TYPE,RAMP_INTERSECTION,SIDE_OF_HWY,TOW_AWAY,COLLISION_SEVERITY,NUMBER_KILLED,NUMBER_INJURED,PARTY_COUNT,PRIMARY_COLL_FACTOR,PCF_CODE_OF_VIOL,PCF_VIOL_CATEGORY,PCF_VIOLATION,PCF_VIOL_SUBSECTION,HIT_AND_RUN,TYPE_OF_COLLISION,MVIW,PED_ACTION,ROAD_SURFACE,ROAD_COND_1,ROAD_COND_2,LIGHTING,CONTROL_DEVICE,CHP_ROAD_TYPE,PEDESTRIAN_ACCIDENT,BICYCLE_ACCIDENT,MOTORCYCLE_ACCIDENT,TRUCK_ACCIDENT,NOT_PRIVATE_PROPERTY,ALCOHOL_INVOLVED,STWD_VEHTYPE_AT_FAULT,CHP_VEHTYPE_AT_FAULT,COUNT_SEVERE_INJ,COUNT_VISIBLE_INJ,COUNT_COMPLAINT_PAIN,COUNT_PED_KILLED,COUNT_PED_INJURED,COUNT_BICYCLIST_KILLED,COUNT_BICYCLIST_INJURED,COUNT_MC_KILLED,COUNT_MC_INJURED,PRIMARY_RAMP,SECONDARY_RAMP,LATITUDE,LONGITUDE,COUNTY,CITY,POINT_X,POINT_Y
92343196,2024,2024-03-20,9285,2024-03-11,"317 ",021860,,1,3,9,5100,0,1,3,,1,011,"SR-99 SOUTHBOUND","GARDEN HIGHWAY",1320.00,S,N,B,-,Y,SUT,,99," "," ",11.736,H,,L,Y,2,0,3,2,A,-,01,23152,A,N,A,C,A,B,G,-,D,D,0,,,,,Y,Y,A,01,2,0,1,0,0,0,0,0,0,"- ","- ",38.895988464355469,-121.58119964599609,SUTTER,UNINCORPORATED,-121.58123779296875,38.895969390869141
92344989,2024,2024-03-22,9285,2024-03-19,1525,019085,,2,2,9,5100,0,3,5,,1,007,"PEASE RD","YOUNG RD",85.00,W,N,A,-,N,,,,,,,,,,Y,2,0,1,1,A,-,08,22107,,N,E,I,A,A,H,-,A,D,0,,,,,Y,,D,22,1,0,0,0,0,0,0,0,0,"- ","- ",39.170608520507812,-121.66909790039062,SUTTER,UNINCORPORATED,,
92352850,2024,2024-04-02,9285,2024-03-29,2347,020195,,5,3,9,5100,0,1,3,,1,011,"HOWSLEY ROAD","STATE ROUTE 99",1624.00,E,N,B,-,N,,,,,,,,,,N,2,0,1,1,A,-,08,22107,,N,E,I,A,B,H,-,D,D,0,,,,,Y,,A,01,1,0,0,0,0,0,0,0,0,"- ","- ",38.823188781738281,-121.53829193115234,SUTTER,UNINCORPORATED,-121.53944396972656,38.822872161865234
92359707,2024,2025-04-29,9285,2024-03-31,1935,022919,,7,2,9,5100,0,3,5,,1,007,"PASS RD","WEST BUTTE RD",7465.00,E,N,A,-,N,,,,,,,,,,Y,2,0,2,1,A,-,01,23152,A,N,F,I,A,A,H,-,B,D,0,,,,,Y,Y,A,07,1,1,0,0,0,0,0,0,0,"- ","- ",39.188678741455078,-121.84982299804688,SUTTER,UNINCORPORATED,-121.86219024658203,39.187782287597656
92361160,2024,2024-04-10,9285,2024-02-02,"16  ",019223,,5,3,9,5100,0,1,3,,1,072,"SR-99 NORTHBOUND","LIVE OAK BOULEVARD",2501.00,S,N,B,C,Y,SUT,,99," ",T,35.442,H,,R,Y,1,2,0,1,A,-,01,23152,A,N,E,I,A,B,H,-,D,D,0,,,,,Y,Y,A,01,0,0,0,0,0,0,0,0,0,"- ","- ",39.211761474609375,-121.63910675048828,SUTTER,UNINCORPORATED,-121.63915252685547,39.211746215820312
92364154,2024,2024-04-15,9285,2024-04-06,"150 ",022534,,6,3,9,5100,0,3,5,,1,001,"SWANSON ROAD","BEAR RIVER DRIVE",50.00,S,N,A,-,N,,,,,,,,,,Y,2,0,1,1,A,-,01,23152,A,N,E,8,A,A,H,-,D,A,0,,,,,Y,Y,A,07,1,0,0,0,0,0,0,0,0,"- ","- ",38.971458435058594,-121.51557159423828,SUTTER,UNINCORPORATED,-121.51539611816406,38.971599578857422
92384218,2024,2024-05-07,9285,2024-04-30,1500,019085,,2,2,2,5101,1,4,S,,2,901,"O ST","ELM ST",0.00,,Y,A,-,N,,,,,,,,,,N,2,0,2,2,A,-,12,22450,A,N,D,C,A,A,H,-,A,A,0,,,,,Y,,M,94,1,0,1,0,0,0,0,0,0,"- ","- ",39.273029327392578,-121.66493988037109,SUTTER,"LIVE OAK",-121.66497802734375,39.273048400878906
92397401,2024,2024-05-23,9285,2024-05-17,"155 ",019139,,5,3,9,5100,0,1,3,,1,051,"SR-99 S/B",SR-113,2245.00,N,N,A,-,Y,SUT,,99," ",R,20.475,H,,L,Y,2,0,1,1,A,-,08,22107,,N,E,J,A,A,H,-,D,D,0,,,,,Y,,A,01,1,0,0,0,0,0,0,0,0,"- ","- ",39.009071350097656,-121.63436126708984,SUTTER,UNINCORPORATED,-121.63466644287109,39.009033203125
92414969,2024,2024-06-14,9285,2024-06-05,"808 ",015976,,3,1,9,5100,0,3,5,,1,001,"RIEGO RD","PACIFIC AVE",0.00,,Y,A,-,N,,,,,,,,,,Y,2,0,2,2,A,-,05,21752,D,N,B,C,A,A,H,-,A,D,0,,,,,Y,,A,01,1,1,0,0,0,0,0,0,0,"- ","- ",38.750659942626953,-121.52525329589844,SUTTER,UNINCORPORATED,-121.52519226074219,38.750644683837891
92424234,2024,2024-06-26,9285,2024-06-09,1840,022748,,7,2,9,5100,0,1,3,,2,031,"SR-113 N/B","LEISER ROAD",3123.00,S,N,A,-,Y,SUT,,113," "," ",0.759,H,,R,Y,1,1,1,2,A,-,05,21460,C,N,A,C,A,A,H,-,A,A,0,,,,,Y,,A,01,1,0,0,0,0,0,0,0,0,"- ","- ",38.812740325927734,-121.71450042724609,SUTTER,UNINCORPORATED,-121.71440887451172,38.812736511230469
92435448,2024,2024-07-10,9285,2024-06-29,2020,021012,,6,2,9,5100,0,3,5,,1,001,"PLEASANT GROVE RD","KEYS RD",2533.00,N,N,A,-,N,,,,,,,,,,Y,2,0,1,1,A,-,01,23152,A,N,F,A,A,A,H,-,A,D,0,,,,,Y,Y,D,22,1,0,0,0,0,0,0,0,0,"- ","- ",38.801998138427734,-121.48374176025391,SUTTER,UNINCORPORATED,-121.48796844482422,38.794658660888672
9245561,2021,2021-04-12,5102,2021-03-04,1508,4102,3,4,5,4,5102,0,0,0,,0,5102,"RT 99","RT 20",1720.00,N,N,A,-,Y,SUT,3,99,-,R,30.960,H,-,S,Y,2,0,2,2,A,-,07,21658,A,N,C,C,A,A,H,-,A,D,0,,,,,Y,,A,01,1,1,0,0,0,0,0,0,0,"- ","- ",,,SUTTER,"YUBA CITY",-121.63546752929688,39.146610260009766
92481255,2024,2024-07-22,9285,2024-07-12,1755,023093,,5,2,9,5100,0,3,5,,1,001,"BEAR RIVER DR","PLEASANT GROVE RD",2640.00,E,N,A,-,N,,,,,,,,,,Y,2,0,2,1,A,-,01,23152,A,N,F,A,A,A,H,-,A,D,0,,,,,Y,Y,D,22,1,1,0,0,0,0,0,0,0,"- ","- ",38.980018615722656,-121.48014068603516,SUTTER,UNINCORPORATED,-121.47846984863281,38.980224609375
9270024,2021,2021-06-18,5102,2021-04-19,1612,4105,4,1,5,4,5102,0,0,0,,0,004,"RT 20","OLIVE ST",0.00,,Y,A,-,Y,SUT,3,20,-,-,16.330,I,5,E,Y,2,0,3,4,A,-,07,21658,A,N,B,C,A,A,H,-,A,A,0,,,,Y,Y,,A,01,2,1,0,0,0,0,0,0,0,"- ","- ",,,SUTTER,"YUBA CITY",-121.62077331542969,39.141246795654297
9301249,2021,2021-08-16,5102,2021-07-07,2058,9012,1,3,5,4,5102,0,0,0,,0,001,"RT 20","EL MARGARITA WY",0.00,,Y,A,-,Y,SUT,3,20,-,-,14.095,I,5,E,Y,2,0,1,2,A,-,08,22107,,N,D,C,A,A,H,-,C,A,0,,,Y,,Y,,A,01,1,0,0,0,0,0,0,0,1,"- ","- ",,,SUTTER,"YUBA CITY",-121.66249084472656,39.141395568847656
9303660,2021,2021-09-11,5102,2021-07-10,0335,4126,3,6,5,4,5102,0,0,0,,0,003,"QUEENS AV","STEWART WY",57.00,E,N,A,-,N,,,,,,,,,,Y,2,0,1,2,A,-,01,23152,A,N,C,E,A,A,H,-,C,D,0,,,,,Y,Y,A,01,1,0,0,0,0,0,0,0,0,"- ","- ",,,SUTTER,"YUBA CITY",-121.62665557861328,39.151805877685547
9319615,2021,2021-09-30,5102,2021-08-14,2129,4126,3,6,5,4,5102,0,0,0,,0,003,"LIVE OAK BL","LOREL WY",12.00,N,N,A,-,N,,,,,,,,,,Y,2,0,2,1,A,-,01,23152,A,N,E,I,A,A,H,-,A,D,0,,,,,Y,Y,A,01,1,1,0,0,0,0,0,0,0,"- ","- ",,,SUTTER,"YUBA CITY",-121.62015533447266,39.155124664306641
9320241,2021,2022-01-11,5102,2021-11-08,1722,4105,1,1,5,4,5102,0,0,0,,0,001,"BUTTE HOUSE RD","ORO GRANDE ST",71.00,E,N,B,-,N,,,,,,,,,,Y,1,1,0,2,A,-,03,22350,,N,A,C,A,A,H,-,C,D,0,,,Y,,Y,Y,C,02,0,0,0,0,0,0,0,1,0,"- ","- ",,,SUTTER,"YUBA CITY",-121.65812683105469,39.152046203613281
9320556,2021,2023-06-17,5102,2021-11-21,2145,4073,3,7,5,4,5102,0,0,0,,0,003,"LIVE OAK BL","NORTHGATE DR",771.00,N,N,A,-,N,,,,,,,,,,Y,1,1,1,1,A,-,01,23152,G,N,E,I,A,A,H,-,C,D,0,,,,,Y,Y,A,01,0,1,0,0,0,0,0,0,0,"- ","- ",,,SUTTER,"YUBA CITY",-121.62296295166016,39.161407470703125
9348330,2021,2021-11-10,5102,2021-09-24,0724,4077,1,5,5,4,5102,0,0,0,,0,001,"RT 20","HARTER PKWY",0.00,,Y,A,-,Y,SUT,3,20,-,-,14.470,I,5,E,Y,2,0,3,2,A,-,12,21453,A,N,D,C,A,A,H,-,B,A,0,,,,Y,Y,,F,26,2,1,0,0,0,0,0,0,0,"- ","- ",,,SUTTER,"YUBA CITY",-121.65554809570312,39.141433715820312
93769394,2024,2024-08-08,9285,2024-08-04,"213 ",022748,,7,3,9,5100,0,3,5,,1,001,"PACIFIC AVENUE","CATLETT ROAD",2917.00,S,N,A,-,N,,,,,,,,,,Y,2,0,2,1,A,-,01,23152,A,N,E,I,A,A,H,-,D,A,0,,,,,Y,Y,A,07,2,0,0,0,0,0,0,0,0,"- ","- ",38.837249755859375,-121.5267333984375,SUTTER,UNINCORPORATED,-121.52671813964844,38.837348937988281
9411264,2022,2022-03-01,5102,2022-01-23,1400,9004,3,7,5,4,5102,0,0,0,,0,003,"GRAY AV","ROSEWOOD DR",141.00,S,N,A,-,N,,,,,,,,,,N,2,0,1,2,A,-,09,21801,A,N,D,C,A,A,H,-,A,D,0,,,Y,,Y,,A,01,1,0,0,0,0,0,0,0,1,"- ","- ",,,SUTTER,"YUBA CITY",-121.6302490234375,39.157428741455078
9411267,2022,2022-03-01,5102,2022-01-14,1744,4104,5,5,5,4,5102,0,0,0,,0,005,"GARDEN HWY","BOGUE RD",985.00,S,N,A,-,N,,,,,,,,,,Y,2,0,1,3,A,-,03,22350,,N,C,C,A,A,H,-,C,D,0,,,,,Y,,A,01,1,0,0,0,0,0,0,0,0,"- ","- ",,,SUTTER,"YUBA CITY",-121.61510467529297,39.098159790039062
9424700,2022,2022-03-28,5102,2022-01-29,1632,4128,4,6,5,4,5102,0,0,0,,0,004,"BRIDGE ST","N LAWRENCE AV",141.00,E,N,A,-,N,,,,,,,,,,N,2,0,1,1,D,-,00,,,N,F,A,A,A,H,-,A,D,0,,,Y,,Y,,-,"- ",1,0,0,0,0,0,0,0,1,"- ","- ",,,SUTTER,"YUBA CITY",-121.63175201416016,39.132343292236328
9433617,2022,2022-11-07,5102,2022-09-07,1743,4129,1,3,5,4,5102,0,0,0,,0,001,"RT 20","N GEORGE WASHINGTON BL",900.00,W,N,A,-,Y,SUT,3,20,-,-,13.430,H,-,E,Y,2,0,1,2,A,-,08,22107,,N,C,C,A,A,H,-,A,D,0,,,,,Y,,A,01,1,0,0,0,0,0,0,0,0,"- ","- ",,,SUTTER,"YUBA CITY",-121.67476654052734,39.141300201416016
94360306,2024,2024-08-19,9285,2024-08-10,1756,021860,,6,2,9,5100,0,1,3,,1,071,"SR-99 N/B","RAMSDELL DR",1000.00,N,N,A,-,Y,SUT,,99," "," ",41.004,H,,R,Y,2,0,1,1,A,-,08,22107,,N,E,I,A,A,H,-,A,D,0,,,,,Y,,A,01,1,0,0,0,0,0,0,0,0,"- ","- ",39.286708831787109,-121.66356658935547,SUTTER,UNINCORPORATED,-121.66358947753906,39.286701202392578
9440002,2022,2022-04-25,5102,2022-02-22,2252,4077,4,2,5,4,5102,0,0,0,,0,004,"BRIDGE ST","PLUMAS ST",5.00,E,N,A,-,N,,,,,,,,,,Y,2,0,1,2,A,-,11,21456,B,F,G,B,B,A,H,-,C,A,0,Y,,,,Y,,N,60,1,0,0,0,1,0,0,0,0,"- ","- ",,,SUTTER,"YUBA CITY",-121.61524200439453,39.135406494140625
94413622,2024,2024-09-30,9285,2024-09-24,1830,016343,,2,2,9,5100,0,3,5,,1,007,"ACACIA AVE","PASS ROAD",50.00,S,N,A,-,N,,,,,,,,,,Y,2,0,1,1,A,-,03,22350,,N,F,A,A,A,H,-,A,D,0,,,,,Y,,A,01,1,0,0,0,0,0,0,0,0,"- ","- ",39.173381805419922,-121.75330352783203,SUTTER,UNINCORPORATED,-121.75334167480469,39.173450469970703
94428288,2024,2024-10-11,9285,2024-10-02,2310,021599,,3,3,9,5100,0,3,5,,1,001,"OBANION ROAD",SR-99,720.00,W,N,A,-,N,,,,,,,,,,Y,2,0,1,1,A,-,01,23152,A,N,E,I,A,A,H,-,D,D,0,,,,,Y,Y,D,22,1,0,0,0,0,0,0,0,0,"- ","- ",39.025440216064453,-121.63738250732422,SUTTER,UNINCORPORATED,-121.63729858398438,39.025375366210938
94430330,2024,2024-11-05,9285,2024-10-08,"800 ",019085,,2,1,9,5100,0,1,3,,1,071,"RT 99","KENT AVE",400.00,N,N,A,-,Y,SUT,,99," "," ",36.401,H,,R,Y,2,0,2,2,A,-,08,22107,,N,A,C,A,A,H,-,A,D,0,,,,,Y,,A,01,1,1,0,0,0,0,0,0,0,"- ","- ",39.2222900390625,-121.64208984375,SUTTER,UNINCORPORATED,-121.64206695556641,39.222297668457031
94449572,2024,2024-10-29,9285,2024-10-21,1530,015976,,1,2,9,5100,0,1,3,,1,011,SR-99,"STRIPLIN RD",2707.00,N,N,A,-,Y,SUT,,99," "," ",9.789,H,,R,Y,2,0,2,2,A,-,05,21651,A,N,B,C,A,A,D,-,A,D,0,,,,,Y,,A,01,1,1,0,0,0,0,0,0,0,"- ","- ",38.872978210449219,-121.560302734375,SUTTER,UNINCORPORATED,-121.56013488769531,38.873062133789062
94456727,2024,2024-11-04,9285,2024-10-26,1120,024019,,6,1,9,5100,0,1,3,,1,051,SR-99,"OBANION RD",35.00,S,N,A,-,Y,SUT,,99," "," ",22.591,H,,R,Y,2,0,1,2,A,-,09,21802,A,N,B,C,A,A,H,-,A,A,0,,,,Y,Y,,-,"- ",1,0,0,0,0,0,0,0,0,"- ","- ",39.025260925292969,-121.63478851318359,SUTTER,UNINCORPORATED,-121.63475036621094,39.025260925292969
9447661,2022,2022-10-06,5102,2022-08-25,1504,4105,5,4,5,4,5102,0,0,0,,0,005,"MILES AV","ATWOOD DR",0.00,W,N,A,-,N,,,,,,,,,,N,2,0,1,2,A,-,11,21954,A,N,G,B,D,A,H,-,A,D,0,Y,,,,Y,,N,60,1,0,0,0,1,0,0,0,0,"- ","- ",,,SUTTER,"YUBA CITY",-121.61170196533203,39.121585845947266
94536788,2025,2025-01-14,9285,2025-01-06,2300,016343,,1,3,9,5100,0,2,4,,1,052,"S. GEORGE WASHINGTON BLVD","OSWALD ROAD",2640.00,S,N,A,-,N,,,,,,,,,,Y,2,0,2,1,A,-,08,22107,,N,E,J,A,A,H,-,D,D,0,,,,,Y,,A,01,1,0,1,0,0,0,0,0,0,"- ","- ",39.090599060058594,-121.67205810546875,SUTTER,UNINCORPORATED,-121.67201232910156,39.061710357666016
94590970,2025,2025-04-08,9285,2025-02-18,1333,019085,,2,1,9,5100,0,1,3,,1,051,"SR 99 N/B","HULL STREET",55.00,S,N,B,-,Y,SUT,,99," "," ",22.817,H,,R,Y,1,1,0,2,D,-,00,,,N,C,C,A,A,H,-,A,D,0,,,,Y,Y,,-,"- ",0,0,0,0,0,0,0,0,0,"- ","- ",39.028831481933594,-121.63465881347656,SUTTER,UNINCORPORATED,-121.63472747802734,39.028831481933594
94613920,2025,2025-03-24,9285,2025-03-08,1445,021567,,6,2,9,5100,0,1,3,,1,010,"STATE ROUTE 70 N/B","KEMPTON ROAD",0.00,,Y,A,-,Y,SUT,,70," "," ",7.018,H,,R,Y,1,1,1,2,A,-,09,21801,A,N,D,C,A,A,H,-,A,A,0,,,,,Y,,A,07,1,0,0,0,0,0,0,0,0,"- ","- ",38.953708648681641,-121.54354095458984,SUTTER,UNINCORPORATED,-121.54358673095703,38.953708648681641
94657380,2025,2025-04-21,9285,2025-04-19,1526,021328,,6,2,9,5100,0,1,3,,2,031,SR-113,"RECLAMATION RD.",100.00,S,N,A,-,Y,SUT,,113," "," ",4.943,H,,R,Y,2,0,3,2,A,-,12,22450,A,N,A,C,A,A,H,-,A,A,0,,,,,Y,,D,22,2,1,0,0,0,0,0,0,0,"- ","- ",38.870738983154297,-121.70754241943359,SUTTER,UNINCORPORATED,-121.70761108398438,38.870754241943359
94731674,2025,2025-06-19,9285,2025-06-10,"705 ",017118,,2,1,9,5100,0,1,3,,1,072,SR-20,"N TOWNSHIP ROAD",792.00,W,N,A,-,Y,SUT,,20," "," ",12.474,H,,R,Y,2,0,1,1,A,-,08,22107,,N,E,I,A,A,H,-,A,D,0,,,,,Y,,D,22,1,0,0,0,0,0,0,0,0,"- ","- ",39.141281127929688,-121.69259643554688,SUTTER,UNINCORPORATED,-121.69259643554688,39.141353607177734
94758696,2025,2025-07-11,9285,2025-04-20,"948 ",021328,,7,1,9,5100,0,2,4,,1,073,"LIVE OAK BOULEVARD","REDNALL ROAD",54.00,S,N,A,-,N,,,,,,,,,,Y,1,1,1,2,A,-,05,21460,C,N,A,C,A,A,H,-,A,D,0,,,,,Y,,A,01,1,0,0,0,0,0,0,0,0,"- ","- ",39.181781768798828,-121.62770843505859,SUTTER,UNINCORPORATED,-121.62773895263672,39.181858062744141
9503785,2022,2022-10-03,5102,2022-08-24,1914,4107,5,3,5,4,5102,0,0,0,,0,005,"LINCOLN RD","JONES RD",192.00,W,N,A,-,N,,,,,,,,,,N,2,0,1,2,A,-,05,21650,,N,B,E,A,A,H,-,A,D,0,,Y,,,Y,Y,L,04,1,0,0,0,0,0,1,0,0,"- ","- ",,,SUTTER,"YUBA CITY",-121.62796783447266,39.112689971923828
9519290,2022,2023-02-03,5102,2022-12-12,0654,4073,5,1,5,4,5102,0,0,0,,0,005,"GARDEN HWY","BOGUE RD",9.00,S,N,A,-,N,,,,,,,,,,N,2,0,1,2,A,-,10,21950,A,F,G,B,B,A,H,-,B,A,0,Y,,,,Y,,-,99,1,0,0,0,1,0,0,0,0,"- ","- ",,,SUTTER,"YUBA CITY",-121.61582946777344,39.100765228271484
9568691,2023,2023-05-23,5102,2023-05-01,1611,4143,5`,1,5,4,5102,0,0,0,,0,005,"GARDEN HWY","BELL AV",0.00,,Y,A,-,N,,,,,,,,,,Y,2,0,1,2,A,-,06,21755,,N,C,A,A,A,D,H,A,D,0,,,Y,,Y,,C,02,1,0,0,0,0,0,0,0,1,"- ","- ",,,SUTTER,"YUBA CITY",-121.61386871337891,39.121345520019531
9573801,2023,2023-05-30,5102,2023-02-06,1418,2584,,1,5,4,5102,0,0,0,,0,007,"SOUTH WALTON AV","CAMINO DE FLORES",18.00,N,N,A,-,N,,,,,,,,,,Y,2,0,5,6,A,-,01,23153,F,N,G,B,F,A,H,-,A,A,0,Y,,,,Y,,A,07,3,1,1,0,4,0,0,0,0,"- ","- ",,,SUTTER,"YUBA CITY",-121.64386749267578,39.124057769775391
9588395,2023,2023-06-19,5102,2023-05-07,"147 ",4123,4,7,5,4,5102,0,0,0,,0,004,"BRIDGE ST","CEMETERY WY",1357.00,E,N,A,-,N,,,,,,,,,,Y,2,0,1,1,A,-,01,23152,A,N,E,I,A,A,H,-,C,D,0,,,,,Y,Y,D,22,1,0,0,0,0,0,0,0,0,"- ","- ",,,SUTTER,"YUBA CITY",-121.60884094238281,39.137619018554688
9594333,2023,2023-06-23,5102,2023-05-28,1438,4120,3,7,5,4,5102,0,0,0,,0,003,"QUEENS AV","KNIGHTS ROW",60.00,W,N,A,-,N,,,,,,,,,,N,2,0,1,2,A,-,03,22350,,N,C,C,A,A,H,-,A,D,0,,,Y,,Y,,C,02,1,0,0,0,0,0,0,0,1,"- ","- ",,,SUTTER,"YUBA CITY",-121.62268829345703,39.151821136474609
9604188,2023,2023-11-16,5100,2023-09-23,1926,2572,5101,6,5,2,5101,0,0,0,,0,001,"RT 99","COLEMAN AV",650.00,N,N,A,-,Y,SUT,3,99,-,-,39.440,H,-,S,Y,2,0,2,1,A,-,03,22350,,N,E,H,A,A,H,-,D,D,0,,,Y,,Y,,C,02,2,0,0,0,0,0,0,0,2,"- ","- ",,,SUTTER,"LIVE OAK",-121.65763092041016,39.264656066894531
9613146,2023,2023-09-06,5102,2023-08-05,1657,4129,2,6,5,4,5102,0,0,0,,0,002,"BRIDGE ST","JOANN WY",200.00,E,N,A,-,N,,,,,,,,,,Y,2,0,1,1,C,-,18,,,N,E,I,A,A,H,-,A,D,0,,,,,Y,,-,"- ",1,0,0,0,0,0,0,0,0,"- ","- ",,,SUTTER,"YUBA CITY",-121.64004516601562,39.132335662841797
9620441,2023,2023-10-12,5102,2023-09-12,1900,4139,5,2,5,4,5102,0,0,0,,0,005,"STONYBROOK DR","RADISSON DR",52.00,N,N,A,-,N,,,,,,,,,,N,2,0,1,2,A,-,08,22107,,N,A,E,A,A,H,-,A,D,0,,,Y,,Y,,C,02,1,0,0,0,0,0,0,0,1,"- ","- ",,,SUTTER,"YUBA CITY",-121.61437225341797,39.092487335205078
9630555,2023,2023-11-01,5102,2023-09-03,1630,4141,4,7,5,4,5102,0,0,0,,0,,"GRAY AV","LOUISE AV",0.00,,Y,A,-,N,,,,,,,,,,Y,2,0,2,2,A,-,09,21453,C,N,D,C,A,A,H,-,A,A,0,,,,,Y,,A,01,1,1,0,0,0,0,0,0,0,"- ","- ",,,SUTTER,"YUBA CITY",-121.63015747070312,39.139766693115234
9635488,2023,2023-12-16,5102,2023-10-31,2116,4141,3,2,5,4,5102,0,0,0,,0,003,"SUTTER ST","COLUSA FRONTAGE RD",156.00,N,N,A,-,N,,,,,,,,,,Y,2,0,1,1,A,-,03,22350,,N,F,I,A,A,H,-,C,D,0,,,Y,,Y,,C,02,1,0,0,0,0,0,0,0,1,"- ","- ",,,SUTTER,"YUBA CITY",-121.61269378662109,39.143711090087891
9637340,2023,2024-01-16,5102,2023-10-12,1543,4129,2,4,5,4,5102,0,0,0,,0,002,"RT 20","STABLER LN",0.00,,Y,A,-,Y,SUT,3,20,-,R,15.094,I,5,E,N,2,0,1,2,D,-,00,,,F,D,G,A,A,H,-,A,D,0,,Y,,,Y,Y,-,"- ",1,0,0,0,0,0,1,0,0,"- ","- ",,,SUTTER,"YUBA CITY",-121.64394378662109,39.14166259765625
9640476,2024,2024-06-04,5102,2024-04-12,2340,4073,4,5,5,4,5102,0,0,0,,0,004,"BRIDGE ST","SHASTA ST",590.00,E,N,B,-,N,,,,,,,,,,Y,1,1,0,1,A,-,01,23152,A,N,E,I,A,A,H,-,C,D,0,,,Y,,Y,Y,C,02,0,0,0,0,0,0,0,1,0,"- ","- ",,,SUTTER,"YUBA CITY",-121.61176300048828,39.136608123779297
9641117,2023,2023-11-27,5102,2023-10-18,1610,4129,3,3,5,4,5102,0,0,0,,0,003,"GRAY AV","BUTTE HOUSE RD",263.00,N,N,A,-,N,,,,,,,,,,Y,2,0,1,1,C,-,18,,,N,H,A,A,A,H,-,A,D,0,,,Y,,Y,,-,"- ",1,0,0,0,0,0,0,0,1,"- ","- ",,,SUTTER,"YUBA CITY",-121.63021087646484,39.146053314208984
9694367,2024,2024-05-09,5102,2024-03-21,1731,4106,4,4,5,4,5102,0,0,0,,0,004,"RT 20","ROCCA WY",0.00,,Y,A,-,Y,SUT,3,20,-,-,15.720,I,5,W,Y,2,0,1,2,A,-,12,21453,A,N,A,C,A,-,H,-,B,A,0,,,,,Y,,A,07,1,0,0,0,0,0,0,0,0,"- ","- ",,,SUTTER,"YUBA CITY",-121.63194274902344,39.141887664794922
9716243,2024,2024-07-19,5100,2024-05-03,2254,2584,5101,5,5,2,5101,0,0,0,,0,002,"PENNINGTON RD","O ST",53.00,E,N,A,-,N,,,,,,,,,,N,2,0,1,2,A,-,01,23152,A,N,C,C,A,A,H,-,C,A,0,,,Y,,Y,Y,C,02,1,0,0,0,0,0,0,0,1,"- ","- ",,,SUTTER,"LIVE OAK",-121.66487121582031,39.276058197021484
9720739,2024,2024-08-26,5102,2024-07-02,1520,4149,4,2,5,4,5102,0,0,0,,0,004,"CLARK AV","SPIVA AV",137.00,N,N,A,-,N,,,,,,,,,,N,2,0,1,2,A,-,00,21650,A,N,D,G,A,A,H,-,A,D,0,,Y,,,Y,,L,04,1,0,0,0,0,0,1,0,0,"- ","- ",,,SUTTER,"YUBA CITY",-121.62533569335938,39.135684967041016
9766635,2025,2025-04-01,5102,2025-02-21,2033,4110,1,5,5,4,5102,0,0,0,,0,001,"BUTTE HOUSE RD","VILLA AV",80.00,W,N,A,-,N,,,,,,,,,,N,2,0,2,2,A,-,01,23152,A,N,G,B,E,A,H,-,D,D,0,Y,,,,Y,Y,M,94,2,0,0,0,1,0,0,0,0,"- ","- ",,,SUTTER,"YUBA CITY",-121.66435241699219,39.153793334960938
9798382,2025,2025-06-03,5102,2025-04-29,"233 ",4143,5,2,5,4,5102,0,0,0,,0,005,"BOGUE RD","GARDEN HWY",280.00,W,N,A,-,N,,,,,,,,,,Y,2,0,1,1,A,-,01,23152,A,N,E,J,A,A,H,-,C,D,0,,,,,Y,Y,A,01,1,0,0,0,0,0,0,0,0,"- ","- ",39.100818634033203,-121.61575317382812,SUTTER,"YUBA CITY",-121.61676788330078,39.100543975830078
9800674,2025,2025-04-18,5102,2025-03-23,1233,4073,5,7,5,4,5102,0,0,0,,0,005,"GARDEN HWY","RIVER OAKS DR",188.00,N,N,A,-,N,,,,,,,,,,Y,2,0,1,2,A,-,09,21804,,N,D,C,A,A,H,-,A,D,0,,,Y,,Y,,A,08,1,0,0,0,0,0,0,0,1,"- ","- ",,,SUTTER,"YUBA CITY",-121.61621856689453,39.103614807128906